Diretoria Regional,Código IBGE,Município,Número de alunos extremamente pobres potenciais beneficiários,Número de alunos extremamente pobres que receberam o benefício,Percentual de alunos extremamente pobres que receberam o benefício,Número de alunos pobres potenciais beneficiários,Número de alunos pobres que receberam o benefício,Percentual de alunos pobres que receberam o benefício,Total de dinheiro repassado aos beneficiários
Uberlândia,3100104,Abadia dos Dourados,78,66,0.8461538461538461,31,0,0,16200
Divinópolis,3100203,Abaeté,98,91,0.9285714285714286,151,89,0.5894039735099338,31400
Timóteo,3100302,Abre Campo,461,344,0.7462039045553145,129,52,0.40310077519379844,101700
Timóteo,3100401,Acaiaca,167,163,0.9760479041916168,21,19,0.9047619047619048,46900
Governador Valadares,3100500,Açucena,396,334,0.8434343434343434,82,22,0.2682926829268293,92000
Teófilo Otoni,3100609,Água Boa,1546,1318,0.8525226390685641,92,36,0.391304347826087,375250
Uberaba,3100708,Água Comprida,61,58,0.9508196721311475,0,0,0,15400
Divinópolis,3100807,Aguanil,53,44,0.8301886792452831,20,6,0.3,12200
Teófilo Otoni,3100906,Águas Formosas,1488,1449,0.9737903225806451,193,87,0.45077720207253885,412400
Salinas,3101003,Águas Vermelhas,1347,1340,0.9948032665181886,101,47,0.46534653465346537,394750
Governador Valadares,3101102,Aimorés,509,487,0.9567779960707269,258,80,0.31007751937984496,139500
Varginha,3101201,Aiuruoca,67,45,0.6716417910447762,14,0,0,10850
Varginha,3101300,Alagoa,16,14,0.875,7,0,0,4000
Poços de Caldas,3101409,Albertina,4,3,0.75,1,0,0,700
Juiz de Fora,3101508,Além Paraíba,520,463,0.8903846153846153,225,36,0.16,122200
Varginha,3101607,Alfenas,925,866,0.9362162162162162,436,111,0.2545871559633027,234650
São João Del Rei,3101631,Alfredo Vasconcelos,100,80,0.8,103,8,0.07766990291262135,19800
Almenara,3101706,Almenara,1440,1198,0.8319444444444445,177,51,0.288135593220339,327100
Governador Valadares,3101805,Alpercata,148,134,0.9054054054054054,32,12,0.375,34300
Passos,3101904,Alpinópolis,120,111,0.925,184,76,0.41304347826086957,35900
Passos,3102001,Alterosa,212,179,0.8443396226415094,95,17,0.17894736842105263,46200
Muriaé,3102050,Alto Caparaó,91,78,0.8571428571428571,55,7,0.12727272727272726,20500
São João Del Rei,3102100,Alto Rio Doce,772,681,0.8821243523316062,49,7,0.14285714285714285,191000
Governador Valadares,3102209,Alvarenga,206,204,0.9902912621359223,47,13,0.2765957446808511,54350
Timóteo,3102308,Alvinópolis,588,582,0.9897959183673469,145,82,0.5655172413793104,168000
Diamantina,3102407,Alvorada de Minas,457,358,0.7833698030634574,45,12,0.26666666666666666,104200
Muriaé,3102506,Amparo da Serra,157,136,0.8662420382165605,7,0,0,34850
Poços de Caldas,3102605,Andradas,103,77,0.7475728155339806,178,32,0.1797752808988764,22700
Salinas,3102704,Cachoeira de Pajeú,679,675,0.9941089837997055,60,37,0.6166666666666667,198100
Juiz de Fora,3102803,Andrelândia,174,148,0.8505747126436781,43,3,0.06976744186046512,35800
Diamantina,3102852,Angelândia,607,525,0.8649093904448105,145,68,0.4689655172413793,158200
São João Del Rei,3102902,Antônio Carlos,196,176,0.8979591836734694,142,26,0.18309859154929578,46600
Timóteo,3103009,Antônio Dias,372,353,0.9489247311827957,86,25,0.29069767441860467,100100
Muriaé,3103108,Antônio Prado de Minas,43,36,0.8372093023255814,21,4,0.19047619047619047,10100
Curvelo,3103207,Araçaí,28,22,0.7857142857142857,7,0,0,5900
Juiz de Fora,3103306,Aracitaba,24,24,1,12,9,0.75,7800
Araçuaí,3103405,Araçuaí,1859,1768,0.951048951048951,362,156,0.430939226519337,513050
Uberlândia,3103504,Araguari,1522,1469,0.9651773981603153,760,175,0.23026315789473684,405000
Juiz de Fora,3103603,Arantina,43,37,0.8604651162790697,1,0,0,9400
Muriaé,3103702,Araponga,167,110,0.6586826347305389,122,20,0.16393442622950818,31800
Uberlândia,3103751,Araporã,16,15,0.9375,6,1,0.16666666666666666,3600
Patos de Minas,3103801,Arapuá,22,22,1,5,0,0,5100
Divinópolis,3103900,Araújos,34,30,0.8823529411764706,30,2,0.06666666666666667,8400
Uberaba,3104007,Araxá,1319,1270,0.9628506444275967,308,120,0.38961038961038963,339400
Poços de Caldas,3104106,Arceburgo,66,65,0.9848484848484849,36,5,0.1388888888888889,18700
Divinópolis,3104205,Arcos,276,242,0.8768115942028986,133,18,0.13533834586466165,64100
Varginha,3104304,Areado,100,93,0.93,114,25,0.21929824561403508,27800
Juiz de Fora,3104403,Argirita,22,22,1,6,3,0.5,6300
Diamantina,3104452,Aricanduva,435,373,0.8574712643678161,44,13,0.29545454545454547,111500
Paracatu,3104502,Arinos,1008,858,0.8511904761904762,105,48,0.45714285714285713,247200
Juiz de Fora,3104601,Astolfo Dutra,133,118,0.8872180451127819,68,4,0.058823529411764705,32500
Teófilo Otoni,3104700,Ataléia,890,799,0.8977528089887641,101,25,0.24752475247524752,234350
Curvelo,3104809,Augusto de Lima,95,86,0.9052631578947369,23,7,0.30434782608695654,23800
Varginha,3104908,Baependi,389,268,0.6889460154241646,100,24,0.24,71200
Metropolitana,3105004,Baldim,221,216,0.9773755656108597,67,14,0.208955223880597,56100
Divinópolis,3105103,Bambuí,216,195,0.9027777777777778,117,25,0.21367521367521367,51700
Almenara,3105202,Bandeira,161,127,0.7888198757763976,57,23,0.40350877192982454,39100
Poços de Caldas,3105301,Bandeira do Sul,24,24,1,17,0,0,6700
Metropolitana,3105400,Barão de Cocais,323,299,0.9256965944272446,189,38,0.20105820105820105,81800
Muriaé,3105509,Barão de Monte Alto,179,177,0.9888268156424581,35,15,0.42857142857142855,50400
São João Del Rei,3105608,Barbacena,1177,1106,0.9396771452846219,635,115,0.18110236220472442,299200
Timóteo,3105707,Barra Longa,339,311,0.9174041297935103,35,12,0.34285714285714286,91500
São João Del Rei,3105905,Barroso,711,697,0.980309423347398,86,19,0.22093023255813954,178900
Timóteo,3106002,Bela Vista de Minas,201,187,0.9303482587064676,53,13,0.24528301886792453,49200
Juiz de Fora,3106101,Belmiro Braga,66,62,0.9393939393939394,30,8,0.26666666666666666,17150
Metropolitana,3106200,Belo Horizonte,15941,15281,0.9585973276456935,6561,1960,0.29873494894071023,4344250
Timóteo,3106309,Belo Oriente,548,531,0.968978102189781,64,20,0.3125,140250
Metropolitana,3106408,Belo Vale,77,65,0.8441558441558441,84,7,0.08333333333333333,16300
Araçuaí,3106507,Berilo,648,630,0.9722222222222222,124,59,0.47580645161290325,187100
Teófilo Otoni,3106606,Bertópolis,497,487,0.9798792756539235,13,9,0.6923076923076923,120900
Salinas,3106655,Berizal,446,432,0.968609865470852,24,14,0.5833333333333334,122900
Metropolitana,3106705,Betim,6141,5948,0.9685718938283667,1082,290,0.2680221811460259,1617550
Juiz de Fora,3106804,Bias Fortes,174,164,0.9425287356321839,12,5,0.4166666666666667,42700
Juiz de Fora,3106903,Bicas,156,146,0.9358974358974359,33,10,0.30303030303030304,37900
Divinópolis,3107000,Biquinhas,23,17,0.7391304347826086,7,0,0,4500
Varginha,3107109,Boa Esperança,286,271,0.9475524475524476,518,245,0.47297297297297297,94000
Juiz de Fora,3107208,Bocaina de Minas,30,30,1,4,0,0,7700
Montes Claros,3107307,Bocaiúva,3634,3501,0.9634012107870116,261,136,0.5210727969348659,1010350
Divinópolis,3107406,Bom Despacho,530,481,0.9075471698113208,338,72,0.21301775147928995,134100
Juiz de Fora,3107505,Bom Jardim de Minas,99,93,0.9393939393939394,34,5,0.14705882352941177,25200
Passos,3107604,Bom Jesus da Penha,102,101,0.9901960784313726,2,0,0,27750
Metropolitana,3107703,Bom Jesus do Amparo,150,114,0.76,54,29,0.5370370370370371,31400
Timóteo,3107802,Bom Jesus do Galho,1044,943,0.9032567049808429,30,14,0.4666666666666667,273950
Poços de Caldas,3107901,Bom Repouso,108,94,0.8703703703703703,173,6,0.03468208092485549,28700
São João Del Rei,3108008,Bom Sucesso,47,39,0.8297872340425532,270,14,0.05185185185185185,11500
Metropolitana,3108107,Bonfim,229,228,0.9956331877729258,17,0,0,57900
Paracatu,3108206,Bonfinópolis de Minas,56,42,0.75,49,8,0.16326530612244897,12000
Montes Claros,3108255,Bonito de Minas,791,663,0.8381795195954488,90,12,0.13333333333333333,195300
Poços de Caldas,3108305,Borda da Mata,106,96,0.9056603773584906,83,31,0.37349397590361444,28700
Poços de Caldas,3108404,Botelhos,127,110,0.8661417322834646,166,15,0.09036144578313253,29500
Montes Claros,3108503,Botumirim,578,578,1,56,23,0.4107142857142857,163700
Paracatu,3108552,Brasilândia de Minas,610,555,0.9098360655737705,78,22,0.28205128205128205,150450
Montes Claros,3108602,Brasília de Minas,2103,1906,0.9063242986210176,343,134,0.39067055393586003,564350
São João Del Rei,3108701,Brás Pires,218,216,0.9908256880733946,11,5,0.45454545454545453,54600
Timóteo,3108800,Braúnas,196,186,0.9489795918367347,30,7,0.23333333333333334,51000
Poços de Caldas,3108909,Brazópolis,80,59,0.7375,122,11,0.09016393442622951,15300
Metropolitana,3109006,Brumadinho,70,56,0.8,15,0,0,13400
Poços de Caldas,3109105,Bueno Brandão,69,65,0.9420289855072463,56,14,0.25,20200
Curvelo,3109204,Buenópolis,322,304,0.9440993788819876,95,33,0.3473684210526316,88400
Timóteo,3109253,Bugre,164,141,0.8597560975609756,46,5,0.10869565217391304,38700
Paracatu,3109303,Buritis,316,287,0.9082278481012658,116,18,0.15517241379310345,80600
Montes Claros,3109402,Buritizeiro,1616,1514,0.9368811881188119,116,56,0.4827586206896552,428000
Paracatu,3109451,Cabeceira Grande,105,91,0.8666666666666667,17,1,0.058823529411764705,20900
Poços de Caldas,3109501,Cabo Verde,157,119,0.7579617834394905,120,52,0.43333333333333335,34900
Metropolitana,3109600,Cachoeira da Prata,11,11,1,8,2,0.25,2600
Poços de Caldas,3109709,Cachoeira de Minas,46,40,0.8695652173913043,78,42,0.5384615384615384,15150
Ituiutaba,3109808,Cachoeira Dourada,4,4,1,1,0,0,1000
Curvelo,3109907,Caetanópolis,177,167,0.943502824858757,68,29,0.4264705882352941,46800
Metropolitana,3110004,Caeté,560,509,0.9089285714285714,319,75,0.23510971786833856,140550
Muriaé,3110103,Caiana,101,61,0.6039603960396039,81,6,0.07407407407407407,16900
Muriaé,3110202,Cajuri,38,31,0.8157894736842105,2,1,0.5,8400
Poços de Caldas,3110301,Caldas,133,119,0.8947368421052632,63,2,0.031746031746031744,30200
Divinópolis,3110400,Camacho,22,15,0.6818181818181818,31,0,0,3600
Poços de Caldas,3110509,Camanducaia,188,110,0.5851063829787234,77,11,0.14285714285714285,29200
Poços de Caldas,3110608,Cambuí,300,245,0.8166666666666667,114,15,0.13157894736842105,64200
Varginha,3110707,Cambuquira,370,352,0.9513513513513514,96,24,0.25,94500
Teófilo Otoni,3110806,Campanário,163,157,0.9631901840490797,18,5,0.2777777777777778,40900
Varginha,3110905,Campanha,263,240,0.9125475285171103,227,61,0.2687224669603524,72100
Poços de Caldas,3111002,Campestre,59,37,0.6271186440677966,86,2,0.023255813953488372,9400
Ituiutaba,3111101,Campina Verde,188,139,0.7393617021276596,104,12,0.11538461538461539,36650
Montes Claros,3111150,Campo Azul,276,253,0.9166666666666666,25,18,0.72,74100
Divinópolis,3111200,Campo Belo,675,637,0.9437037037037037,336,58,0.17261904761904762,168400
Varginha,3111309,Campo do Meio,307,277,0.9022801302931596,56,5,0.08928571428571429,64300
Uberaba,3111408,Campo Florido,251,223,0.8884462151394422,25,8,0.32,61550
Patos de Minas,3111507,Campos Altos,142,131,0.9225352112676056,67,15,0.22388059701492538,32600
Varginha,3111606,Campos Gerais,436,372,0.8532110091743119,350,81,0.23142857142857143,99800
Muriaé,3111705,Canaã,213,213,1,11,0,0,56200
Ituiutaba,3111804,Canápolis,122,113,0.9262295081967213,50,4,0.08,28900
Divinópolis,3111903,Cana Verde,94,86,0.9148936170212766,63,9,0.14285714285714285,24600
Divinópolis,3112000,Candeias,130,116,0.8923076923076924,128,42,0.328125,35900
Governador Valadares,3112059,Cantagalo,174,173,0.9942528735632183,37,8,0.21621621621621623,46500
Muriaé,3112109,Caparaó,282,259,0.9184397163120568,29,2,0.06896551724137931,58750
São João Del Rei,3112208,Capela Nova,159,139,0.8742138364779874,31,6,0.1935483870967742,39400
Diamantina,3112307,Capelinha,1463,1361,0.9302802460697197,624,395,0.6330128205128205,432550
Passos,3112406,Capetinga,116,113,0.9741379310344828,63,12,0.19047619047619047,31600
Metropolitana,3112505,Capim Branco,102,100,0.9803921568627451,59,19,0.3220338983050847,28500
Ituiutaba,3112604,Capinópolis,261,255,0.9770114942528736,127,87,0.6850393700787402,82800
Governador Valadares,3112653,Capitão Andrade,218,195,0.8944954128440367,19,6,0.3157894736842105,48100
Montes Claros,3112703,Capitão Enéas,1006,953,0.9473161033797217,142,75,0.528169014084507,275200
Passos,3112802,Capitólio,22,22,1,54,3,0.05555555555555555,5500
Muriaé,3112901,Caputira,337,230,0.6824925816023739,82,6,0.07317073170731707,60400
Teófilo Otoni,3113008,Caraí,1562,1439,0.9212548015364916,182,46,0.25274725274725274,415000
São João Del Rei,3113107,Caranaíba,107,107,1,15,4,0.26666666666666666,27600
São João Del Rei,3113206,Carandaí,269,245,0.9107806691449815,122,53,0.4344262295081967,67850
Muriaé,3113305,Carangola,1162,1072,0.9225473321858864,232,48,0.20689655172413793,276650
Timóteo,3113404,Caratinga,1017,921,0.9056047197640118,1254,230,0.18341307814992025,257950
Diamantina,3113503,Carbonita,307,302,0.9837133550488599,65,42,0.6461538461538462,89100
Varginha,3113602,Careaçu,58,44,0.7586206896551724,104,33,0.3173076923076923,14100
Teófilo Otoni,3113701,Carlos Chagas,496,412,0.8306451612903226,62,33,0.532258064516129,115300
Timóteo,3113800,Carmésia,44,37,0.8409090909090909,12,3,0.25,11700
Varginha,3113909,Carmo da Cachoeira,154,142,0.922077922077922,365,40,0.1095890410958904,39200
Divinópolis,3114006,Carmo da Mata,145,130,0.896551724137931,65,11,0.16923076923076924,32100
Varginha,3114105,Carmo de Minas,399,384,0.9624060150375939,144,41,0.2847222222222222,100800
Divinópolis,3114204,Carmo do Cajuru,68,59,0.8676470588235294,81,9,0.1111111111111111,16900
Patos de Minas,3114303,Carmo do Paranaíba,316,289,0.9145569620253164,187,32,0.1711229946524064,78900
Passos,3114402,Carmo do Rio Claro,259,239,0.9227799227799228,203,76,0.37438423645320196,68700
Divinópolis,3114501,Carmópolis de Minas,87,63,0.7241379310344828,143,5,0.03496503496503497,17800
Ituiutaba,3114550,Carneirinho,70,59,0.8428571428571429,64,3,0.046875,15900
São João Del Rei,3114600,Carrancas,30,26,0.8666666666666667,48,2,0.041666666666666664,7200
Varginha,3114709,Carvalhópolis,5,4,0.8,11,6,0.5454545454545454,1700
Juiz de Fora,3114808,Carvalhos,143,133,0.9300699300699301,13,0,0,32450
São João Del Rei,3114907,Casa Grande,8,8,1,10,5,0.5,2900
Uberlândia,3115003,Cascalho Rico,25,25,1,5,2,0.4,6400
Passos,3115102,Cássia,309,280,0.9061488673139159,143,37,0.25874125874125875,78000
São João Del Rei,3115201,Conceição da Barra de Minas,119,114,0.957983193277311,46,18,0.391304347826087,31900
Muriaé,3115300,Cataguases,567,507,0.8941798941798942,656,149,0.22713414634146342,148300
Metropolitana,3115359,Catas Altas,45,41,0.9111111111111111,30,9,0.3,11300
São João Del Rei,3115409,Catas Altas da Noruega,196,181,0.923469387755102,74,34,0.4594594594594595,52500
Teófilo Otoni,3115458,Catuji,597,525,0.8793969849246231,61,14,0.22950819672131148,141450
Montes Claros,3115474,Catuti,325,286,0.88,18,5,0.2777777777777778,82300
Varginha,3115508,Caxambu,439,427,0.9726651480637813,182,37,0.2032967032967033,113450
Divinópolis,3115607,Cedro do Abaeté,41,41,1,12,7,0.5833333333333334,11600
Governador Valadares,3115706,Central de Minas,366,310,0.8469945355191257,13,6,0.46153846153846156,88600
Ituiutaba,3115805,Centralina,228,214,0.9385964912280702,23,6,0.2608695652173913,52500
Juiz de Fora,3115904,Chácara,19,14,0.7368421052631579,5,0,0,3100
Governador Valadares,3116001,Chalé,396,351,0.8863636363636364,18,0,0,85150
Araçuaí,3116100,Chapada do Norte,752,721,0.9587765957446809,152,52,0.34210526315789475,204650
Montes Claros,3116159,Chapada Gaúcha,680,625,0.9191176470588235,69,26,0.37681159420289856,181300
Juiz de Fora,3116209,Chiador,21,20,0.9523809523809523,0,0,0,4600
São João Del Rei,3116308,Cipotânea,382,376,0.9842931937172775,52,44,0.8461538461538461,106600
Passos,3116407,Claraval,87,87,1,22,8,0.36363636363636365,24100
Montes Claros,3116506,Claro dos Poções,436,412,0.944954128440367,80,30,0.375,120300
Divinópolis,3116605,Cláudio,134,132,0.9850746268656716,137,74,0.5401459854014599,44600
Muriaé,3116704,Coimbra,179,94,0.5251396648044693,78,6,0.07692307692307693,25650
Diamantina,3116803,Coluna,653,537,0.8223583460949464,107,41,0.38317757009345793,155300
Uberaba,3116902,Comendador Gomes,27,21,0.7777777777777778,1,0,0,4800
Araçuaí,3117009,Comercinho,476,435,0.9138655462184874,22,7,0.3181818181818182,128500
Passos,3117108,Conceição da Aparecida,157,121,0.7707006369426752,123,14,0.11382113821138211,32800
Varginha,3117207,Conceição das Pedras,69,66,0.9565217391304348,18,11,0.6111111111111112,15300
Uberaba,3117306,Conceição das Alagoas,151,139,0.9205298013245033,238,34,0.14285714285714285,37900
Governador Valadares,3117405,Conceição de Ipanema,189,126,0.6666666666666666,6,1,0.16666666666666666,31400
Diamantina,3117504,Conceição do Mato Dentro,789,642,0.8136882129277566,195,49,0.2512820512820513,172200
Divinópolis,3117603,Conceição do Pará,116,71,0.6120689655172413,68,7,0.10294117647058823,17900
Varginha,3117702,Conceição do Rio Verde,373,350,0.938337801608579,156,26,0.16666666666666666,89200
Poços de Caldas,3117801,Conceição dos Ouros,57,46,0.8070175438596491,66,9,0.13636363636363635,12800
Montes Claros,3117836,Cônego Marinho,675,608,0.9007407407407407,40,21,0.525,182400
Metropolitana,3117876,Confins,48,47,0.9791666666666666,16,6,0.375,13500
Poços de Caldas,3117900,Congonhal,92,71,0.7717391304347826,101,4,0.039603960396039604,20800
São João Del Rei,3118007,Congonhas,49,42,0.8571428571428571,109,12,0.11009174311926606,11800
Curvelo,3118106,Congonhas do Norte,294,294,1,44,16,0.36363636363636365,78400
Uberaba,3118205,Conquista,110,107,0.9727272727272728,35,3,0.08571428571428572,29900
São João Del Rei,3118304,Conselheiro Lafaiete,323,295,0.913312693498452,719,121,0.16828929068150209,86900
Governador Valadares,3118403,Conselheiro Pena,805,698,0.867080745341615,115,26,0.22608695652173913,181900
Poços de Caldas,3118502,Consolação,57,57,1,3,2,0.6666666666666666,15200
Metropolitana,3118601,Contagem,5377,5126,0.9533196949972104,1624,353,0.21736453201970443,1366500
Varginha,3118700,Coqueiral,262,259,0.9885496183206107,115,27,0.23478260869565218,74500
Montes Claros,3118809,Coração de Jesus,2384,2310,0.9689597315436241,111,54,0.4864864864864865,662800
Curvelo,3118908,Cordisburgo,378,373,0.9867724867724867,36,8,0.2222222222222222,93850
Varginha,3119005,Cordislândia,123,117,0.9512195121951219,15,10,0.6666666666666666,33700
Curvelo,3119104,Corinto,438,411,0.9383561643835616,120,34,0.2833333333333333,110200
Governador Valadares,3119203,Coroaci,354,291,0.8220338983050848,32,9,0.28125,72300
Patos de Minas,3119302,Coromandel,286,255,0.8916083916083916,426,62,0.14553990610328638,69100
Timóteo,3119401,Coronel Fabriciano,1591,1572,0.9880578252671276,591,148,0.25042301184433163,434500
Araçuaí,3119500,Coronel Murta,340,327,0.961764705882353,42,9,0.21428571428571427,94600
Juiz de Fora,3119609,Coronel Pacheco,20,20,1,0,0,0,5000
São João Del Rei,3119708,Coronel Xavier Chaves,16,16,1,42,0,0,4700
Divinópolis,3119807,Córrego Danta,37,34,0.918918918918919,11,10,0.9090909090909091,9900
Poços de Caldas,3119906,Córrego do Bom Jesus,33,19,0.5757575757575758,25,1,0.04,5200
Divinópolis,3119955,Córrego Fundo,7,7,1,4,0,0,2000
Timóteo,3120003,Córrego Novo,115,108,0.9391304347826087,23,17,0.7391304347826086,33100
Diamantina,3120102,Couto de Magalhães de Minas,166,160,0.963855421686747,23,13,0.5652173913043478,45300
Teófilo Otoni,3120151,Crisólita,265,225,0.8490566037735849,34,11,0.3235294117647059,60900
Divinópolis,3120201,Cristais,73,67,0.9178082191780822,74,5,0.06756756756756757,19200
Montes Claros,3120300,Cristália,694,671,0.9668587896253602,20,4,0.2,194800
São João Del Rei,3120409,Cristiano Otoni,75,69,0.92,16,11,0.6875,19700
Varginha,3120508,Cristina,90,78,0.8666666666666667,117,18,0.15384615384615385,23100
Divinópolis,3120607,Crucilândia,129,122,0.9457364341085271,49,5,0.10204081632653061,28900
Patos de Minas,3120706,Cruzeiro da Fortaleza,31,26,0.8387096774193549,8,0,0,6100
Varginha,3120805,Cruzília,351,322,0.9173789173789174,45,14,0.3111111111111111,81450
Governador Valadares,3120839,Cuparaque,89,83,0.9325842696629213,13,0,0,19800
Salinas,3120870,Curral de Dentro,658,622,0.9452887537993921,27,13,0.48148148148148145,179300
Curvelo,3120904,Curvelo,1458,1358,0.9314128943758574,504,171,0.3392857142857143,369450
Diamantina,3121001,Datas,133,104,0.7819548872180451,38,12,0.3157894736842105,28600
Poços de Caldas,3121100,Delfim Moreira,66,49,0.7424242424242424,79,10,0.12658227848101267,13700
Passos,3121209,Delfinópolis,27,24,0.8888888888888888,50,19,0.38,7200
Uberaba,3121258,Delta,82,70,0.8536585365853658,12,4,0.3333333333333333,16800
Juiz de Fora,3121308,Descoberto,73,58,0.7945205479452054,15,7,0.4666666666666667,15900
São João Del Rei,3121407,Desterro de Entre Rios,108,102,0.9444444444444444,76,7,0.09210526315789473,26400
São João Del Rei,3121506,Desterro do Melo,39,36,0.9230769230769231,2,0,0,9300
Diamantina,3121605,Diamantina,1522,1452,0.9540078843626807,487,133,0.2731006160164271,417700
Timóteo,3121704,Diogo de Vasconcelos,177,176,0.9943502824858758,19,11,0.5789473684210527,47000
Timóteo,3121803,Dionísio,266,250,0.9398496240601504,76,25,0.32894736842105265,74000
Juiz de Fora,3121902,Divinésia,33,31,0.9393939393939394,37,21,0.5675675675675675,11300
Muriaé,3122009,Divino,732,442,0.6038251366120219,509,64,0.12573673870333987,128400
Governador Valadares,3122108,Divino das Laranjeiras,240,232,0.9666666666666667,20,14,0.7,64500
Governador Valadares,3122207,Divinolândia de Minas,375,355,0.9466666666666667,44,19,0.4318181818181818,95200
Divinópolis,3122306,Divinópolis,447,420,0.9395973154362416,868,149,0.1716589861751152,122600
Salinas,3122355,Divisa Alegre,225,218,0.9688888888888889,28,11,0.39285714285714285,62650
Poços de Caldas,3122405,Divisa Nova,69,66,0.9565217391304348,70,9,0.12857142857142856,17800
Almenara,3122454,Divisópolis,591,550,0.9306260575296108,26,18,0.6923076923076923,157500
Paracatu,3122470,Dom Bosco,147,133,0.9047619047619048,60,19,0.31666666666666665,37400
Governador Valadares,3122504,Dom Cavati,81,81,1,31,4,0.12903225806451613,20300
Diamantina,3122603,Dom Joaquim,316,305,0.9651898734177216,43,4,0.09302325581395349,83100
Timóteo,3122702,Dom Silvério,94,57,0.6063829787234043,16,2,0.125,14800
Varginha,3122801,Dom Viçoso,13,12,0.9230769230769231,37,7,0.1891891891891892,3700
Juiz de Fora,3122900,Dona Euzébia,56,39,0.6964285714285714,44,4,0.09090909090909091,11000
São João Del Rei,3123007,Dores de Campos,36,31,0.8611111111111112,68,7,0.10294117647058823,8100
Governador Valadares,3123106,Dores de Guanhães,146,90,0.6164383561643836,71,28,0.39436619718309857,27400
Divinópolis,3123205,Dores do Indaiá,45,43,0.9555555555555556,72,5,0.06944444444444445,11200
Juiz de Fora,3123304,Dores do Turvo,182,182,1,23,1,0.043478260869565216,47200
Passos,3123403,Doresópolis,6,6,1,14,0,0,1300
Uberlândia,3123502,Douradoquara,61,57,0.9344262295081968,15,2,0.13333333333333333,14200
Governador Valadares,3123528,Durandé,488,401,0.8217213114754098,31,10,0.3225806451612903,98500
Varginha,3123601,Elói Mendes,170,162,0.9529411764705882,166,19,0.1144578313253012,42700
Governador Valadares,3123700,Engenheiro Caldas,245,236,0.963265306122449,64,22,0.34375,66200
Montes Claros,3123809,Engenheiro Navarro,516,483,0.936046511627907,7,6,0.8571428571428571,138000
Timóteo,3123858,Entre Folhas,179,134,0.7486033519553073,76,9,0.11842105263157894,36100
São João Del Rei,3123908,Entre Rios de Minas,258,242,0.937984496124031,113,17,0.1504424778761062,60300
Muriaé,3124005,Ervália,424,405,0.9551886792452831,361,18,0.04986149584487535,90300
Metropolitana,3124104,Esmeraldas,1536,1272,0.828125,539,116,0.21521335807050093,354150
Muriaé,3124203,Espera Feliz,796,589,0.7399497487437185,328,27,0.08231707317073171,150250
Montes Claros,3124302,Espinosa,2278,2083,0.9143985952589991,280,115,0.4107142857142857,605000
Varginha,3124401,Espírito Santo do Dourado,21,21,1,168,4,0.023809523809523808,6000
Poços de Caldas,3124500,Estiva,177,112,0.632768361581921,139,15,0.1079136690647482,34000
Muriaé,3124609,Estrela Dalva,48,47,0.9791666666666666,19,3,0.15789473684210525,12400
Divinópolis,3124708,Estrela do Indaiá,45,45,1,13,9,0.6923076923076923,14000
Uberlândia,3124807,Estrela do Sul,147,135,0.9183673469387755,54,14,0.25925925925925924,36500
Muriaé,3124906,Eugenópolis,259,183,0.7065637065637066,67,6,0.08955223880597014,50650
Juiz de Fora,3125002,Ewbank da Câmara,172,144,0.8372093023255814,27,13,0.48148148148148145,39200
Poços de Caldas,3125101,Extrema,62,46,0.7419354838709677,53,8,0.1509433962264151,11800
Varginha,3125200,Fama,17,15,0.8823529411764706,12,5,0.4166666666666667,3900
Muriaé,3125309,Faria Lemos,138,108,0.782608695652174,5,0,0,26800
Diamantina,3125408,Felício dos Santos,246,240,0.975609756097561,89,17,0.19101123595505617,67700
Diamantina,3125507,São Gonçalo do Rio Preto,102,94,0.9215686274509803,10,4,0.4,26500
Almenara,3125606,Felisburgo,423,390,0.9219858156028369,24,8,0.3333333333333333,107300
Curvelo,3125705,Felixlândia,205,188,0.9170731707317074,170,86,0.5058823529411764,58500
Governador Valadares,3125804,Fernandes Tourinho,77,76,0.987012987012987,22,6,0.2727272727272727,20100
Timóteo,3125903,Ferros,460,400,0.8695652173913043,104,21,0.20192307692307693,115500
Muriaé,3125952,Fervedouro,655,542,0.8274809160305343,145,27,0.18620689655172415,157850
Metropolitana,3126000,Florestal,53,42,0.7924528301886793,41,11,0.2682926829268293,12300
Divinópolis,3126109,Formiga,383,367,0.95822454308094,184,27,0.14673913043478262,101700
Paracatu,3126208,Formoso,507,455,0.8974358974358975,38,17,0.4473684210526316,125200
Passos,3126307,Fortaleza de Minas,28,23,0.8214285714285714,22,7,0.3181818181818182,7200
Metropolitana,3126406,Fortuna de Minas,8,7,0.875,0,0,0,1800
Araçuaí,3126505,Francisco Badaró,469,466,0.9936034115138592,48,21,0.4375,134500
Montes Claros,3126604,Francisco Dumont,235,222,0.9446808510638298,39,17,0.4358974358974359,64200
Montes Claros,3126703,Francisco Sá,1313,1199,0.9131759329779132,137,84,0.6131386861313869,352100
Teófilo Otoni,3126752,Franciscópolis,415,381,0.9180722891566265,31,4,0.12903225806451613,111200
Teófilo Otoni,3126802,Frei Gaspar,269,258,0.9591078066914498,38,14,0.3684210526315789,67750
Governador Valadares,3126901,Frei Inocêncio,656,608,0.926829268292683,15,7,0.4666666666666667,168650
Diamantina,3126950,Frei Lagonegro,268,266,0.9925373134328358,17,12,0.7058823529411765,77000
Uberaba,3127008,Fronteira,272,252,0.9264705882352942,55,22,0.4,71900
Teófilo Otoni,3127057,Fronteira dos Vales,317,309,0.9747634069400631,6,2,0.3333333333333333,88600
Salinas,3127073,Fruta de Leite,356,346,0.9719101123595506,90,28,0.3111111111111111,104600
Uberaba,3127107,Frutal,438,404,0.9223744292237442,423,169,0.39952718676122934,121850
Metropolitana,3127206,Funilândia,193,185,0.9585492227979274,36,10,0.2777777777777778,51150
Governador Valadares,3127305,Galiléia,222,205,0.9234234234234234,35,9,0.2571428571428571,53400
Montes Claros,3127339,Gameleiras,314,293,0.9331210191082803,21,15,0.7142857142857143,84250
Montes Claros,3127354,Glaucilândia,113,112,0.9911504424778761,32,16,0.5,34000
Governador Valadares,3127370,Goiabeira,71,61,0.8591549295774648,19,0,0,15200
Juiz de Fora,3127388,Goianá,83,74,0.891566265060241,25,10,0.4,21600
Poços de Caldas,3127404,Gonçalves,8,4,0.5,13,1,0.07692307692307693,1200
Governador Valadares,3127503,Gonzaga,155,133,0.8580645161290322,71,8,0.11267605633802817,37200
Diamantina,3127602,Gouveia,220,202,0.9181818181818182,118,34,0.288135593220339,59650
Governador Valadares,3127701,Governador Valadares,3156,2898,0.9182509505703422,2193,591,0.2694938440492476,810600
Montes Claros,3127800,Grão Mogol,589,568,0.9643463497453311,115,57,0.4956521739130435,155850
Uberlândia,3127909,Grupiara,23,14,0.6086956521739131,11,1,0.09090909090909091,4100
Governador Valadares,3128006,Guanhães,659,572,0.8679817905918058,509,144,0.2829076620825147,167050
Passos,3128105,Guapé,127,119,0.937007874015748,135,14,0.1037037037037037,34300
Muriaé,3128204,Guaraciaba,562,457,0.8131672597864769,36,15,0.4166666666666667,122800
Montes Claros,3128253,Guaraciama,339,324,0.9557522123893806,11,10,0.9090909090909091,95400
Poços de Caldas,3128303,Guaranésia,110,105,0.9545454545454546,125,14,0.112,29000
Juiz de Fora,3128402,Guarani,153,119,0.7777777777777778,51,6,0.11764705882352941,29800
Juiz de Fora,3128501,Guarará,36,31,0.8611111111111112,3,0,0,8600
Paracatu,3128600,Guarda-Mor,67,61,0.9104477611940298,94,16,0.1702127659574468,19600
Poços de Caldas,3128709,Guaxupé,281,269,0.9572953736654805,288,50,0.1736111111111111,77850
Muriaé,3128808,Guidoval,280,234,0.8357142857142857,18,2,0.1111111111111111,57500
Patos de Minas,3128907,Guimarânia,283,279,0.9858657243816255,38,18,0.47368421052631576,75800
Muriaé,3129004,Guiricema,280,217,0.775,38,4,0.10526315789473684,56500
Ituiutaba,3129103,Gurinhatã,76,55,0.7236842105263158,20,10,0.5,15800
Varginha,3129202,Heliodora,81,62,0.7654320987654321,65,2,0.03076923076923077,15900
Timóteo,3129301,Iapu,367,357,0.9727520435967303,116,21,0.1810344827586207,101200
São João Del Rei,3129400,Ibertioga,149,136,0.912751677852349,49,3,0.061224489795918366,31700
Patos de Minas,3129509,Ibiá,239,223,0.9330543933054394,228,29,0.12719298245614036,59300
Montes Claros,3129608,Ibiaí,537,507,0.9441340782122905,17,14,0.8235294117647058,147900
Montes Claros,3129657,Ibiracatu,413,383,0.927360774818402,51,17,0.3333333333333333,110400
Passos,3129707,Ibiraci,203,180,0.8866995073891626,97,36,0.3711340206185567,54250
Metropolitana,3129806,Ibirité,2723,2647,0.9720896070510466,1127,367,0.3256433007985803,738950
Poços de Caldas,3129905,Ibitiúra de Minas,34,33,0.9705882352941176,26,2,0.07692307692307693,9700
São João Del Rei,3130002,Ibituruna,97,94,0.9690721649484536,28,5,0.17857142857142858,25800
Montes Claros,3130051,Icaraí de Minas,856,755,0.8820093457943925,68,32,0.47058823529411764,226400
Metropolitana,3130101,Igarapé,1016,903,0.8887795275590551,353,103,0.29178470254957506,256300
Divinópolis,3130200,Igaratinga,13,10,0.7692307692307693,43,4,0.09302325581395349,2650
Divinópolis,3130309,Iguatama,136,121,0.8897058823529411,32,7,0.21875,30550
São João Del Rei,3130408,Ijaci,159,152,0.9559748427672956,22,3,0.13636363636363635,39500
Passos,3130507,Ilicínea,121,114,0.9421487603305785,94,16,0.1702127659574468,31200
Timóteo,3130556,Imbé de Minas,286,265,0.9265734265734266,19,0,0,61950
Poços de Caldas,3130606,Inconfidentes,31,31,1,69,15,0.21739130434782608,10400
Salinas,3130655,Indaiabira,479,468,0.9770354906054279,37,24,0.6486486486486487,132700
Uberlândia,3130705,Indianópolis,30,27,0.9,7,1,0.14285714285714285,6500
São João Del Rei,3130804,Ingaí,12,12,1,23,8,0.34782608695652173,4000
Governador Valadares,3130903,Inhapim,1053,910,0.8641975308641975,189,37,0.19576719576719576,243300
Metropolitana,3131000,Inhaúma,279,237,0.8494623655913979,14,9,0.6428571428571429,64300
Curvelo,3131109,Inimutaba,246,223,0.9065040650406504,62,11,0.1774193548387097,61400
Timóteo,3131158,Ipaba,459,417,0.9084967320261438,135,38,0.2814814814814815,112800
Governador Valadares,3131208,Ipanema,613,534,0.8711256117455138,96,21,0.21875,141300
Timóteo,3131307,Ipatinga,3416,3363,0.9844847775175644,827,211,0.2551390568319226,916150
Ituiutaba,3131406,Ipiaçu,55,55,1,5,0,0,13900
Poços de Caldas,3131505,Ipuiúna,84,62,0.7380952380952381,89,4,0.0449438202247191,15350
Uberlândia,3131604,Iraí de Minas,240,225,0.9375,17,3,0.17647058823529413,59700
Timóteo,3131703,Itabira,925,819,0.8854054054054054,522,100,0.19157088122605365,215800
Governador Valadares,3131802,Itabirinha,310,223,0.7193548387096774,83,5,0.060240963855421686,54500
Metropolitana,3131901,Itabirito,269,223,0.828996282527881,169,29,0.17159763313609466,59450
Montes Claros,3132008,Itacambira,306,299,0.9771241830065359,16,2,0.125,83300
Montes Claros,3132107,Itacarambi,578,452,0.7820069204152249,122,42,0.3442622950819672,130900
Metropolitana,3132206,Itaguara,155,147,0.9483870967741935,69,6,0.08695652173913043,35650
Teófilo Otoni,3132305,Itaipé,828,685,0.8272946859903382,46,6,0.13043478260869565,184700
Poços de Caldas,3132404,Itajubá,592,510,0.8614864864864865,330,69,0.20909090909090908,142500
Diamantina,3132503,Itamarandiba,1228,1209,0.9845276872964169,435,191,0.43908045977011495,351300
Muriaé,3132602,Itamarati de Minas,12,8,0.6666666666666666,9,0,0,2100
Teófilo Otoni,3132701,Itambacuri,1171,986,0.8420153714773698,182,43,0.23626373626373626,282500
Timóteo,3132800,Itambé do Mato Dentro,75,75,1,26,3,0.11538461538461539,22000
Passos,3132909,Itamogi,80,66,0.825,99,40,0.40404040404040403,21000
Varginha,3133006,Itamonte,62,45,0.7258064516129032,105,3,0.02857142857142857,10100
Varginha,3133105,Itanhandu,82,77,0.9390243902439024,61,6,0.09836065573770492,19100
Governador Valadares,3133204,Itanhomi,198,169,0.8535353535353535,94,6,0.06382978723404255,45800
Araçuaí,3133303,Itaobim,919,830,0.9031556039173014,109,45,0.41284403669724773,236600
Uberaba,3133402,Itapagipe,232,215,0.9267241379310345,25,9,0.36,55300
Divinópolis,3133501,Itapecerica,286,254,0.8881118881118881,122,20,0.16393442622950818,69400
Poços de Caldas,3133600,Itapeva,40,27,0.675,20,2,0.1,7200
Metropolitana,3133709,Itatiaiuçu,157,138,0.8789808917197452,49,10,0.20408163265306123,38250
Passos,3133758,Itaú de Minas,18,17,0.9444444444444444,42,19,0.4523809523809524,6900
Divinópolis,3133808,Itaúna,672,610,0.9077380952380952,352,89,0.2528409090909091,167650
São João Del Rei,3133907,Itaverava,343,343,1,47,10,0.2127659574468085,90100
Araçuaí,3134004,Itinga,1037,962,0.9276759884281581,96,41,0.4270833333333333,284900
Governador Valadares,3134103,Itueta,193,172,0.8911917098445595,20,1,0.05,43000
Ituiutaba,3134202,Ituiutaba,318,296,0.9308176100628931,649,116,0.17873651771956856,85400
São João Del Rei,3134301,Itumirim,134,127,0.9477611940298507,96,27,0.28125,36100
Ituiutaba,3134400,Iturama,723,606,0.8381742738589212,86,13,0.1511627906976744,153100
São João Del Rei,3134509,Itutinga,37,34,0.918918918918919,42,32,0.7619047619047619,11300
Metropolitana,3134608,Jaboticatubas,312,251,0.8044871794871795,175,25,0.14285714285714285,64300
Almenara,3134707,Jacinto,562,530,0.9430604982206405,68,14,0.20588235294117646,144400
Passos,3134806,Jacuí,36,33,0.9166666666666666,26,10,0.38461538461538464,8500
Poços de Caldas,3134905,Jacutinga,28,17,0.6071428571428571,70,3,0.04285714285714286,4500
Timóteo,3135001,Jaguaraçu,19,19,1,10,1,0.1,4600
Montes Claros,3135050,Jaíba,3958,3553,0.8976755937342092,249,107,0.42971887550200805,1024750
Governador Valadares,3135076,Jampruca,278,249,0.89568345323741,15,3,0.2,60600
Montes Claros,3135100,Janaúba,2522,2424,0.9611419508326725,617,224,0.36304700162074555,694450
Montes Claros,3135209,Januária,4892,4396,0.8986099754701553,448,207,0.46205357142857145,1302250
Divinópolis,3135308,Japaraíba,51,47,0.9215686274509803,13,6,0.46153846153846156,13700
Montes Claros,3135357,Japonvar,381,352,0.9238845144356955,55,19,0.34545454545454546,104800
São João Del Rei,3135407,Jeceaba,33,19,0.5757575757575758,19,0,0,4200
Araçuaí,3135456,Jenipapo de Minas,420,417,0.9928571428571429,124,28,0.22580645161290322,121500
Timóteo,3135506,Jequeri,408,362,0.8872549019607843,215,42,0.19534883720930232,97500
Montes Claros,3135605,Jequitaí,632,581,0.9193037974683544,9,2,0.2222222222222222,163500
Curvelo,3135704,Jequitibá,126,121,0.9603174603174603,64,13,0.203125,32450
Almenara,3135803,Jequitinhonha,1263,1149,0.9097387173396675,273,64,0.23443223443223443,326450
Varginha,3135902,Jesuânia,132,126,0.9545454545454546,84,17,0.20238095238095238,32400
Almenara,3136009,Joaíma,918,782,0.8518518518518519,50,17,0.34,225200
Timóteo,3136108,Joanésia,178,176,0.9887640449438202,33,4,0.12121212121212122,50200
Timóteo,3136207,João Monlevade,868,814,0.9377880184331797,236,75,0.3177966101694915,222300
Paracatu,3136306,João Pinheiro,1897,1676,0.8835002635740643,409,121,0.29584352078239606,467350
Curvelo,3136405,Joaquim Felício,36,32,0.8888888888888888,24,1,0.041666666666666664,8000
Almenara,3136504,Jordânia,589,504,0.8556876061120543,60,34,0.5666666666666667,141500
Araçuaí,3136520,José Gonçalves de Minas,231,188,0.8138528138528138,75,6,0.08,55600
Governador Valadares,3136553,José Raydan,278,277,0.9964028776978417,27,9,0.3333333333333333,75100
Salinas,3136579,Josenópolis,286,282,0.986013986013986,28,23,0.8214285714285714,85250
Metropolitana,3136603,Nova União,196,184,0.9387755102040817,71,16,0.22535211267605634,51600
Metropolitana,3136652,Juatuba,315,280,0.8888888888888888,99,32,0.32323232323232326,76000
Juiz de Fora,3136702,Juiz de Fora,3665,3547,0.9678035470668486,1494,436,0.2918340026773762,971250
Montes Claros,3136801,Juramento,214,202,0.9439252336448598,27,12,0.4444444444444444,57600
Poços de Caldas,3136900,Juruaia,56,24,0.42857142857142855,67,3,0.04477611940298507,6700
Montes Claros,3136959,Juvenília,397,356,0.8967254408060453,41,22,0.5365853658536586,105800
Teófilo Otoni,3137007,Ladainha,997,784,0.7863590772316951,168,51,0.30357142857142855,211400
Patos de Minas,3137106,Lagamar,320,315,0.984375,24,8,0.3333333333333333,81000
Divinópolis,3137205,Lagoa da Prata,729,677,0.9286694101508917,366,95,0.25956284153005466,185550
Montes Claros,3137304,Lagoa dos Patos,225,225,1,26,12,0.46153846153846156,62050
São João Del Rei,3137403,Lagoa Dourada,30,29,0.9666666666666667,84,2,0.023809523809523808,8200
Patos de Minas,3137502,Lagoa Formosa,179,170,0.94972067039106145,119,34,0.2857142857142857,50200
Patos de Minas,3137536,Lagoa Grande,298,296,0.9932885906040269,48,22,0.4583333333333333,80800
Metropolitana,3137601,Lagoa Santa,282,273,0.9680851063829787,166,33,0.19879518072289157,70900
Governador Valadares,3137700,Lajinha,1035,848,0.8193236714975846,89,16,0.1797752808988764,228800
Varginha,3137809,Lambari,422,397,0.9407582938388626,128,21,0.1640625,105600
São João Del Rei,3137908,Lamim,177,166,0.9378531073446328,33,5,0.15151515151515152,49150
Muriaé,3138005,Laranjal,75,65,0.8666666666666667,13,2,0.15384615384615385,17000
Curvelo,3138104,Lassance,394,353,0.8959390862944162,31,11,0.3548387096774194,101900
Varginha,3138203,Lavras,765,738,0.9647058823529412,403,101,0.2506203473945409,201950
Divinópolis,3138302,Leandro Ferreira,50,36,0.72,34,5,0.14705882352941177,10400
Araçuaí,3138351,Leme do Prado,186,184,0.989247311827957,50,10,0.2,49800
Muriaé,3138401,Leopoldina,371,339,0.9137466307277629,350,54,0.15428571428571428,93300
Juiz de Fora,3138500,Liberdade,97,82,0.845360824742268,59,4,0.06779661016949153,19600
Juiz de Fora,3138609,Lima Duarte,223,180,0.8071748878923767,151,40,0.26490066225165565,45700
Ituiutaba,3138625,Limeira do Oeste,102,85,0.8333333333333334,13,4,0.3076923076923077,22950
Montes Claros,3138658,Lontra,501,483,0.9640718562874252,30,12,0.4,134600
Muriaé,3138674,Luisburgo,255,213,0.8352941176470589,40,4,0.1,57700
Montes Claros,3138682,Luislândia,601,600,0.9983361064891847,50,26,0.52,174600
Varginha,3138708,Luminárias,68,66,0.9705882352941176,36,5,0.1388888888888889,17400
Divinópolis,3138807,Luz,181,161,0.8895027624309392,64,5,0.078125,41500
Teófilo Otoni,3138906,Machacalis,449,435,0.9688195991091314,23,15,0.6521739130434783,125550
Varginha,3139003,Machado,320,297,0.928125,453,80,0.17660044150110377,81500
São João Del Rei,3139102,Madre de Deus de Minas,52,48,0.9230769230769231,38,3,0.07894736842105263,13200
Teófilo Otoni,3139201,Malacacheta,923,818,0.886240520043337,331,111,0.33534743202416917,245850
Montes Claros,3139250,Mamonas,301,292,0.9700996677740864,44,15,0.3409090909090909,86800
Montes Claros,3139300,Manga,1250,1137,0.9096,158,54,0.34177215189873417,328550
Muriaé,3139409,Manhuaçu,1011,806,0.7972304648862513,630,78,0.12380952380952381,223700
Muriaé,3139508,Manhumirim,412,286,0.6941747572815534,87,9,0.10344827586206896,72450
Governador Valadares,3139607,Mantena,220,190,0.8636363636363636,185,23,0.12432432432432433,47950
Divinópolis,3139706,Maravilhas,170,150,0.8823529411764706,1,0,0,39600
Juiz de Fora,3139805,Mar de Espanha,167,143,0.8562874251497006,87,18,0.20689655172413793,36700
Varginha,3139904,Maria da Fé,121,110,0.9090909090909091,108,17,0.1574074074074074,28000
Metropolitana,3140001,Mariana,1183,1041,0.8799661876584953,171,50,0.29239766081871343,282650
Governador Valadares,3140100,Marilac,271,255,0.940959409594096,20,10,0.5,72000
Metropolitana,3140159,Mário Campos,298,292,0.9798657718120806,115,17,0.14782608695652175,75600
Juiz de Fora,3140209,Maripá de Minas,3,3,1,14,0,0,600
Timóteo,3140308,Marliéria,127,117,0.9212598425196851,22,6,0.2727272727272727,33600
Poços de Caldas,3140407,Marmelópolis,90,88,0.9777777777777777,38,21,0.5526315789473685,26800
Divinópolis,3140506,Martinho Campos,229,223,0.9737991266375546,77,22,0.2857142857142857,63400
Muriaé,3140530,Martins Soares,276,223,0.8079710144927537,98,31,0.3163265306122449,54800
Almenara,3140555,Mata Verde,538,516,0.9591078066914498,24,4,0.16666666666666666,140200
Diamantina,3140605,Materlândia,232,228,0.9827586206896551,19,12,0.631578947368421,60200
Metropolitana,3140704,Mateus Leme,554,487,0.8790613718411552,254,91,0.35826771653543305,144200
Juiz de Fora,3140803,Matias Barbosa,143,130,0.9090909090909091,59,6,0.1016949152542373,32300
Montes Claros,3140852,Matias Cardoso,426,297,0.6971830985915493,130,21,0.16153846153846155,84300
Muriaé,3140902,Matipó,1221,970,0.7944307944307945,183,74,0.40437158469945356,256900
Montes Claros,3141009,Mato Verde,821,758,0.9232643118148599,39,26,0.6666666666666666,216300
Metropolitana,3141108,Matozinhos,755,748,0.990728476821192,175,113,0.6457142857142857,212550
Patos de Minas,3141207,Matutina,18,15,0.8333333333333334,36,2,0.05555555555555555,3300
Divinópolis,3141306,Medeiros,16,13,0.8125,5,0,0,3400
Araçuaí,3141405,Medina,908,799,0.8799559471365639,268,115,0.4291044776119403,236900
Governador Valadares,3141504,Mendes Pimentel,228,205,0.8991228070175439,29,5,0.1724137931034483,51900
Juiz de Fora,3141603,Mercês,234,204,0.8717948717948718,92,18,0.1956521739130435,52900
Timóteo,3141702,Mesquita,166,161,0.9698795180722891,19,3,0.15789473684210525,43950
Araçuaí,3141801,Minas Novas,1608,1577,0.9807213930348259,242,76,0.3140495867768595,444300
São João Del Rei,3141900,Minduri,78,73,0.9358974358974359,21,0,0,17750
Montes Claros,3142007,Mirabela,722,677,0.9376731301939059,62,27,0.43548387096774194,196300
Muriaé,3142106,Miradouro,158,80,0.5063291139240507,29,3,0.10344827586206896,21200
Muriaé,3142205,Miraí,147,132,0.8979591836734694,106,10,0.09433962264150944,37800
Montes Claros,3142254,Miravânia,299,273,0.9130434782608695,15,5,0.3333333333333333,76700
Metropolitana,3142304,Moeda,157,157,1,18,1,0.05555555555555555,38100
Divinópolis,3142403,Moema,143,122,0.8531468531468531,104,17,0.16346153846153846,33000
Curvelo,3142502,Monjolos,56,53,0.9464285714285714,28,7,0.25,15100
Varginha,3142601,Monsenhor Paulo,168,142,0.8452380952380952,66,19,0.2878787878787879,41650
Montes Claros,3142700,Montalvânia,1237,1171,0.946645109135004,78,41,0.5256410256410257,343000
Uberlândia,3142809,Monte Alegre de Minas,293,272,0.9283276450511946,62,12,0.1935483870967742,68100
Montes Claros,3142908,Monte Azul,1149,1073,0.9338555265448216,126,37,0.29365079365079366,299000
Poços de Caldas,3143005,Monte Belo,147,125,0.8503401360544217,107,12,0.11214953271028037,32600
Uberlândia,3143104,Monte Carmelo,150,137,0.9133333333333333,442,66,0.1493212669683258,39000
Almenara,3143153,Monte Formoso,344,337,0.9796511627906976,56,11,0.19642857142857142,96300
Passos,3143203,Monte Santo de Minas,251,245,0.9760956175298805,152,35,0.23026315789473684,68800
Montes Claros,3143302,Montes Claros,3776,3511,0.9298199152542372,4225,1466,0.3469822485207101,1107350
Poços de Caldas,3143401,Monte Sião,73,67,0.9178082191780822,69,10,0.14492753623188406,20350
Salinas,3143450,Montezuma,337,295,0.8753709198813057,76,19,0.25,88900
Divinópolis,3143500,Morada Nova de Minas,10,9,0.9,10,0,0,2000
Curvelo,3143609,Morro da Garça,16,14,0.875,12,6,0.5,4200
Metropolitana,3143708,Morro do Pilar,265,258,0.9735849056603774,20,4,0.2,69600
Poços de Caldas,3143807,Munhoz,33,19,0.5757575757575758,76,11,0.14473684210526316,5900
Muriaé,3143906,Muriaé,663,613,0.9245852187028658,568,87,0.15316901408450703,172200
Governador Valadares,3144003,Mutum,700,470,0.6714285714285714,369,54,0.14634146341463414,130050
Poços de Caldas,3144102,Muzambinho,253,224,0.8853754940711462,124,9,0.07258064516129033,54900
Governador Valadares,3144201,Nacip Raydan,113,109,0.9646017699115044,32,2,0.0625,29900
Teófilo Otoni,3144300,Nanuque,924,877,0.9491341991341992,335,94,0.28059701492537314,249400
Timóteo,3144359,Naque,362,335,0.925414364640884,31,12,0.3870967741935484,92900
Paracatu,3144375,Natalândia,133,118,0.8872180451127819,21,4,0.19047619047619047,29150
Varginha,3144409,Natércia,28,28,1,45,34,0.7555555555555555,11600
São João Del Rei,3144508,Nazareno,298,281,0.9429530201342282,62,21,0.3387096774193548,73200
Varginha,3144607,Nepomuceno,296,270,0.9121621621621622,336,42,0.125,75100
Salinas,3144656,Ninheira,603,562,0.9320066334991708,40,9,0.225,156000
Governador Valadares,3144672,Nova Belém,168,141,0.8392857142857143,6,1,0.16666666666666666,36800
Timóteo,3144706,Nova Era,276,259,0.9384057971014492,136,47,0.34558823529411764,76100
Metropolitana,3144805,Nova Lima,544,478,0.8786764705882353,272,53,0.1948529411764706,128000
Governador Valadares,3144904,Nova Módica,170,136,0.8,26,9,0.34615384615384615,36800
Uberlândia,3145000,Nova Ponte,67,62,0.9253731343283582,27,1,0.037037037037037035,13900
Montes Claros,3145059,Nova Porteirinha,374,351,0.9385026737967914,31,19,0.6129032258064516,99700
Passos,3145109,Nova Resende,193,159,0.8238341968911918,84,27,0.32142857142857145,45000
Divinópolis,3145208,Nova Serrana,88,68,0.7727272727272727,139,19,0.1366906474820144,19300
Teófilo Otoni,3145307,Novo Cruzeiro,2461,2233,0.9073547338480292,308,119,0.38636363636363635,663050
Teófilo Otoni,3145356,Novo Oriente de Minas,667,606,0.9085457271364318,63,14,0.2222222222222222,177100
Salinas,3145372,Novorizonte,250,225,0.9,45,29,0.6444444444444445,68600
Juiz de Fora,3145406,Olaria,15,9,0.6,2,0,0,2100
Montes Claros,3145455,Olhos D'Água,569,535,0.9402460456942003,18,12,0.6666666666666666,155250
Varginha,3145505,Olímpio Noronha,30,28,0.9333333333333333,9,1,0.1111111111111111,6500
Divinópolis,3145604,Oliveira,371,340,0.9164420485175202,252,25,0.0992063492063492,91100
Juiz de Fora,3145703,Oliveira Fortes,19,14,0.7368421052631579,7,2,0.2857142857142857,3700
Divinópolis,3145802,Onça do Pitangui,61,52,0.8524590163934426,41,8,0.1951219512195122,13500
Muriaé,3145851,Oratórios,39,30,0.7692307692307693,14,2,0.14285714285714285,8200
Muriaé,3145877,Orizânia,96,82,0.8541666666666666,6,0,0,18500
São João Del Rei,3145901,Ouro Branco,197,170,0.8629441624365483,73,16,0.2191780821917808,45450
Poços de Caldas,3146008,Ouro Fino,82,75,0.9146341463414634,158,40,0.25316455696202533,22500
Metropolitana,3146107,Ouro Preto,946,895,0.9460887949260042,409,75,0.18337408312958436,238550
Teófilo Otoni,3146206,Ouro Verde de Minas,618,560,0.9061488673139159,36,17,0.4722222222222222,166450
Salinas,3146255,Padre Carvalho,498,491,0.9859437751004017,40,21,0.525,142700
Teófilo Otoni,3146305,Padre Paraíso,1089,989,0.9081726354453628,51,24,0.47058823529411764,275100
Divinópolis,3146404,Paineiras,69,68,0.9855072463768116,29,1,0.034482758620689655,16000
Divinópolis,3146503,Pains,66,55,0.8333333333333334,12,1,0.08333333333333333,15300
Montes Claros,3146552,Pai Pedro,199,198,0.9949748743718593,48,19,0.3958333333333333,55800
Juiz de Fora,3146602,Paiva,15,15,1,1,1,1,3700
Muriaé,3146701,Palma,253,229,0.9051383399209486,8,3,0.375,62300
Almenara,3146750,Palmópolis,418,398,0.9521531100478469,30,8,0.26666666666666666,111400
Divinópolis,3146909,Papagaios,246,220,0.8943089430894309,268,44,0.16417910447761194,60000
Paracatu,3147006,Paracatu,587,505,0.8603066439522998,491,82,0.1670061099796334,134600
Metropolitana,3147105,Pará de Minas,493,468,0.949290060851927,426,96,0.22535211267605634,132700
Varginha,3147204,Paraguaçu,171,154,0.9005847953216374,168,14,0.08333333333333333,40400
Poços de Caldas,3147303,Paraisópolis,160,119,0.74375,119,11,0.09243697478991597,32500
Curvelo,3147402,Paraopeba,452,424,0.9380530973451328,124,24,0.1935483870967742,115300
Timóteo,3147501,Passabém,72,69,0.9583333333333334,18,6,0.3333333333333333,18000
Varginha,3147600,Passa Quatro,132,117,0.8863636363636364,116,12,0.10344827586206896,34300
Divinópolis,3147709,Passa Tempo,46,36,0.782608695652174,18,2,0.1111111111111111,10500
Juiz de Fora,3147808,Passa Vinte,4,2,0.5,3,0,0,400
Passos,3147907,Passos,1023,960,0.9384164222873901,895,330,0.3687150837988827,288200
Montes Claros,3147956,Patis,316,276,0.8734177215189873,20,12,0.6,80400
Patos de Minas,3148004,Patos de Minas,474,429,0.9050632911392406,453,83,0.18322295805739514,125500
Patos de Minas,3148103,Patrocínio,953,890,0.9338929695697796,905,273,0.30165745856353593,258950
Muriaé,3148202,Patrocínio do Muriaé,149,141,0.9463087248322147,22,4,0.18181818181818182,39500
Muriaé,3148301,Paula Cândido,292,292,1,141,27,0.19148936170212766,73000
Governador Valadares,3148400,Paulistas,234,184,0.7863247863247863,47,15,0.3191489361702128,51000
Teófilo Otoni,3148509,Pavão,692,633,0.9147398843930635,17,12,0.7058823529411765,186250
Governador Valadares,3148608,Peçanha,849,755,0.889281507656066,131,55,0.4198473282442748,217000
Almenara,3148707,Pedra Azul,1257,1160,0.9228321400159109,108,20,0.18518518518518517,320000
Muriaé,3148756,Pedra Bonita,384,256,0.6666666666666666,29,16,0.5517241379310345,75400
Muriaé,3148806,Pedra do Anta,143,143,1,11,2,0.18181818181818182,35400
Divinópolis,3148905,Pedra do Indaiá,28,20,0.7142857142857143,14,0,0,5100
Muriaé,3149002,Pedra Dourada,30,27,0.9,12,1,0.08333333333333333,7100
Varginha,3149101,Pedralva,204,161,0.7892156862745098,114,12,0.10526315789473684,38700
Montes Claros,3149150,Pedras de Maria da Cruz,669,637,0.9521674140508222,69,13,0.18840579710144928,176900
Uberaba,3149200,Pedrinópolis,108,83,0.7685185185185185,5,2,0.4,22500
Metropolitana,3149309,Pedro Leopoldo,424,388,0.9150943396226415,219,35,0.1598173515981735,106400
Juiz de Fora,3149408,Pedro Teixeira,25,14,0.56,3,1,0.3333333333333333,3400
Juiz de Fora,3149507,Pequeri,10,8,0.8,5,0,0,2100
Divinópolis,3149606,Pequi,118,104,0.8813559322033898,10,1,0.1,29700
Divinópolis,3149705,Perdigão,66,58,0.8787878787878788,52,4,0.07692307692307693,16600
Uberaba,3149804,Perdizes,168,136,0.8095238095238095,95,16,0.16842105263157894,36000
Varginha,3149903,Perdões,123,110,0.8943089430894309,153,24,0.1568627450980392,29300
Governador Valadares,3149952,Periquito,201,192,0.9552238805970149,19,3,0.15789473684210525,52300
Teófilo Otoni,3150000,Pescador,201,182,0.9054726368159204,33,5,0.15151515151515152,47900
Juiz de Fora,3150109,Piau,45,30,0.6666666666666666,14,5,0.35714285714285715,8850
Timóteo,3150158,Piedade de Caratinga,440,377,0.8568181818181818,76,22,0.2894736842105263,100900
Timóteo,3150208,Piedade de Ponte Nova,64,64,1,41,28,0.6829268292682927,21000
São João Del Rei,3150307,Piedade do Rio Grande,32,28,0.875,24,19,0.7916666666666666,9800
São João Del Rei,3150406,Piedade dos Gerais,172,171,0.9941860465116279,37,7,0.1891891891891892,40900
Divinópolis,3150505,Pimenta,176,148,0.8409090909090909,41,1,0.024390243902439025,38600
Timóteo,3150539,Pingo d'Água,179,159,0.888268156424581,28,9,0.32142857142857145,44400
Montes Claros,3150570,Pintópolis,610,563,0.9229508196721311,86,23,0.26744186046511625,165900
Divinópolis,3150604,Piracema,66,66,1,46,0,0,18700
Uberaba,3150703,Pirajuba,21,19,0.9047619047619048,36,18,0.5,6600
São João Del Rei,3150802,Piranga,651,584,0.8970814132104454,152,38,0.25,157200
Poços de Caldas,3150901,Piranguçu,57,44,0.7719298245614035,26,13,0.5,14200
Poços de Caldas,3151008,Piranguinho,122,94,0.7704918032786885,75,8,0.10666666666666667,25400
Muriaé,3151107,Pirapetinga,89,70,0.7865168539325843,16,1,0.0625,17050
Montes Claros,3151206,Pirapora,1570,1537,0.9789808917197452,295,90,0.3050847457627119,425600
Juiz de Fora,3151305,Piraúba,158,135,0.8544303797468354,70,8,0.11428571428571428,35900
Divinópolis,3151404,Pitangui,591,568,0.961082910321489,225,79,0.3511111111111111,163400
Passos,3151503,Piumhi,531,463,0.871939736346516,248,77,0.31048387096774194,123000
Uberaba,3151602,Planura,128,127,0.9921875,63,11,0.1746031746031746,31500
Varginha,3151701,Poço Fundo,116,99,0.853448275862069,130,60,0.46153846153846156,30250
Poços de Caldas,3151800,Poços de Caldas,335,313,0.9343283582089552,185,59,0.31891891891891894,88850
Governador Valadares,3151909,Pocrane,562,551,0.9804270462633452,73,33,0.4520547945205479,157800
Curvelo,3152006,Pompéu,288,250,0.8680555555555556,368,33,0.08967391304347826,62800
Muriaé,3152105,Ponte Nova,847,769,0.9079102715466352,235,62,0.26382978723404255,210850
Montes Claros,3152131,Ponto Chique,268,258,0.9626865671641791,5,3,0.6,73000
Araçuaí,3152170,Ponto dos Volantes,327,270,0.8256880733944955,45,22,0.4888888888888889,79500
Montes Claros,3152204,Porteirinha,1397,1216,0.870436649964209,614,168,0.2736156351791531,361300
Muriaé,3152303,Porto Firme,923,745,0.8071505958829902,23,15,0.6521739130434783,212400
Teófilo Otoni,3152402,Poté,613,529,0.8629690048939641,267,49,0.18352059925093633,151250
Poços de Caldas,3152501,Pouso Alegre,811,772,0.9519112207151664,292,56,0.1917808219178082,204750
Varginha,3152600,Pouso Alto,17,17,1,26,2,0.07692307692307693,3900
São João Del Rei,3152709,Prados,47,43,0.9148936170212766,28,4,0.14285714285714285,10500
Uberlândia,3152808,Prata,73,63,0.863013698630137,145,17,0.11724137931034483,18100
Passos,3152907,Pratápolis,100,100,1,96,82,0.8541666666666666,38100
Patos de Minas,3153004,Pratinha,82,82,1,35,11,0.3142857142857143,20400
Muriaé,3153103,Presidente Bernardes,319,315,0.987460815047022,55,7,0.12727272727272726,89100
Curvelo,3153202,Presidente Juscelino,73,66,0.9041095890410958,36,22,0.6111111111111112,20000
Diamantina,3153301,Presidente Kubitschek,75,73,0.9733333333333334,59,47,0.7966101694915254,26500
Patos de Minas,3153400,Presidente Olegário,394,355,0.9010152284263959,84,21,0.25,88900
Muriaé,3153509,Alto Jequitibá,307,215,0.7003257328990228,114,20,0.17543859649122806,56550
Metropolitana,3153608,Prudente de Morais,195,191,0.9794871794871794,81,34,0.41975308641975306,56600
Divinópolis,3153707,Quartel Geral,14,11,0.7857142857142857,3,0,0,2500
São João Del Rei,3153806,Queluzito,7,7,1,9,1,0.1111111111111111,1600
Metropolitana,3153905,Raposos,118,116,0.9830508474576272,78,23,0.2948717948717949,31200
Timóteo,3154002,Raul Soares,590,510,0.864406779661017,157,25,0.1592356687898089,134750
Muriaé,3154101,Recreio,37,32,0.8648648648648649,69,1,0.014492753623188406,7900
Muriaé,3154150,Reduto,219,167,0.7625570776255708,119,6,0.05042016806722689,40500
São João Del Rei,3154200,Resende Costa,59,51,0.864406779661017,52,27,0.5192307692307693,14900
Governador Valadares,3154309,Resplendor,165,140,0.8484848484848485,118,19,0.16101694915254236,36200
São João Del Rei,3154408,Ressaquinha,38,32,0.8421052631578947,11,8,0.7272727272727273,9100
Paracatu,3154457,Riachinho,380,278,0.7315789473684211,41,8,0.1951219512195122,77000
Montes Claros,3154507,Riacho dos Machados,214,170,0.794392523364486,30,16,0.5333333333333333,47900
Metropolitana,3154606,Ribeirão das Neves,7044,6879,0.9765758091993185,2605,901,0.34587332053742803,1956050
Varginha,3154705,Ribeirão Vermelho,91,87,0.9560439560439561,15,1,0.06666666666666667,23300
Metropolitana,3154804,Rio Acima,46,36,0.782608695652174,32,5,0.15625,9200
Timóteo,3154903,Rio Casca,123,103,0.8373983739837398,51,14,0.27450980392156865,27800
Timóteo,3155009,Rio Doce,32,30,0.9375,20,8,0.4,9400
Almenara,3155108,Rio do Prado,332,328,0.9879518072289156,21,16,0.7619047619047619,95900
São João Del Rei,3155207,Rio Espera,308,267,0.8668831168831169,34,26,0.7647058823529411,77850
Metropolitana,3155306,Rio Manso,85,75,0.8823529411764706,52,2,0.038461538461538464,20500
Juiz de Fora,3155405,Rio Novo,191,167,0.8743455497382199,60,10,0.16666666666666666,48100
Patos de Minas,3155504,Rio Paranaíba,83,76,0.9156626506024096,76,9,0.11842105263157894,20100
Salinas,3155603,Rio Pardo de Minas,1525,1423,0.9331147540983606,94,41,0.43617021276595747,402400
Timóteo,3155702,Rio Piracicaba,394,370,0.9390862944162437,41,9,0.21951219512195122,93950
Juiz de Fora,3155801,Rio Pomba,265,232,0.8754716981132076,84,21,0.25,62400
Juiz de Fora,3155900,Rio Preto,11,7,0.6363636363636364,1,0,0,1800
Diamantina,3156007,Rio Vermelho,601,584,0.9717138103161398,134,5,0.03731343283582089,158100
São João Del Rei,3156106,Ritápolis,64,61,0.953125,47,7,0.14893617021276595,16700
Juiz de Fora,3156205,Rochedo de Minas,33,33,1,7,0,0,8700
Juiz de Fora,3156304,Rodeiro,91,62,0.6813186813186813,52,2,0.038461538461538464,16100
Uberlândia,3156403,Romaria,53,43,0.8113207547169812,15,2,0.13333333333333333,10900
Muriaé,3156452,Rosário da Limeira,24,18,0.75,18,1,0.05555555555555555,4900
Salinas,3156502,Rubelita,600,599,0.9983333333333333,31,12,0.3870967741935484,173700
Almenara,3156601,Rubim,209,184,0.8803827751196173,14,4,0.2857142857142857,50400
Metropolitana,3156700,Sabará,1249,1123,0.899119295436349,610,165,0.27049180327868855,312100
Governador Valadares,3156809,Sabinópolis,654,631,0.9648318042813455,225,79,0.3511111111111111,171000
Uberaba,3156908,Sacramento,259,205,0.7915057915057915,143,37,0.25874125874125875,55600
Salinas,3157005,Salinas,1334,1212,0.9085457271364318,508,224,0.4409448818897638,367500
Almenara,3157104,Salto da Divisa,349,331,0.9484240687679083,36,18,0.5,92200
Metropolitana,3157203,Santa Bárbara,489,435,0.8895705521472392,48,13,0.2708333333333333,110100
Timóteo,3157252,Santa Bárbara do Leste,361,261,0.7229916897506925,39,9,0.23076923076923078,70950
Juiz de Fora,3157278,Santa Bárbara do Monte Verde,3,2,0.6666666666666666,2,0,0,500
São João Del Rei,3157302,Santa Bárbara do Tugúrio,32,20,0.625,18,8,0.4444444444444444,6200
São João Del Rei,3157336,Santa Cruz de Minas,39,36,0.9230769230769231,17,1,0.058823529411764705,8300
Salinas,3157377,Santa Cruz de Salinas,292,272,0.9315068493150684,22,10,0.45454545454545453,81500
Timóteo,3157401,Santa Cruz do Escalvado,106,101,0.9528301886792453,41,17,0.4146341463414634,26850
Governador Valadares,3157500,Santa Efigênia de Minas,235,198,0.8425531914893617,28,11,0.39285714285714285,54500
Montes Claros,3157609,Santa Fé de Minas,261,210,0.8045977011494253,22,4,0.18181818181818182,60500
Teófilo Otoni,3157658,Santa Helena de Minas,605,595,0.9834710743801653,41,3,0.07317073170731707,167500
Uberaba,3157708,Santa Juliana,37,28,0.7567567567567568,115,7,0.06086956521739131,6800
Metropolitana,3157807,Santa Luzia,5165,4881,0.9450145208131655,629,201,0.3195548489666137,1349200
Muriaé,3157906,Santa Margarida,997,730,0.7321965897693079,220,87,0.39545454545454545,214400
Timóteo,3158003,Santa Maria de Itabira,124,105,0.8467741935483871,88,1,0.011363636363636364,28100
Almenara,3158102,Santa Maria do Salto,289,285,0.986159169550173,34,14,0.4117647058823529,77400
Governador Valadares,3158201,Santa Maria do Suaçuí,933,828,0.887459807073955,144,74,0.5138888888888888,242800
Varginha,3158300,Santana da Vargem,144,138,0.9583333333333334,40,9,0.225,35100
Muriaé,3158409,Santana de Cataguases,34,33,0.9705882352941176,6,0,0,8600
Curvelo,3158508,Santana de Pirapama,147,146,0.9931972789115646,80,11,0.1375,35400
Juiz de Fora,3158607,Santana do Deserto,4,4,1,3,0,0,1100
São João Del Rei,3158706,Santana do Garambéu,53,52,0.9811320754716981,10,5,0.5,15600
Divinópolis,3158805,Santana do Jacaré,57,54,0.9473684210526315,46,3,0.06521739130434782,16000
Governador Valadares,3158904,Santana do Manhuaçu,189,121,0.6402116402116402,69,7,0.10144927536231885,28200
Timóteo,3158953,Santana do Paraíso,642,627,0.9766355140186916,133,32,0.24060150375939848,176700
Metropolitana,3159001,Santana do Riacho,162,123,0.7592592592592593,27,6,0.2222222222222222,32700
São João Del Rei,3159100,Santana dos Montes,67,53,0.7910447761194029,16,4,0.25,14700
Poços de Caldas,3159209,Santa Rita de Caldas,92,74,0.8043478260869565,67,16,0.23880597014925373,20350
Juiz de Fora,3159308,Santa Rita de Jacutinga,23,17,0.7391304347826086,11,0,0,4400
Timóteo,3159357,Santa Rita de Minas,88,70,0.7954545454545454,51,11,0.21568627450980393,18300
São João Del Rei,3159407,Santa Rita de Ibitipoca,81,81,1,14,11,0.7857142857142857,23900
Governador Valadares,3159506,Santa Rita do Itueto,237,213,0.8987341772151899,27,5,0.18518518518518517,52000
Poços de Caldas,3159605,Santa Rita do Sapucaí,25,17,0.68,352,81,0.23011363636363635,12200
Patos de Minas,3159704,Santa Rosa da Serra,126,126,1,20,6,0.3,30400
Ituiutaba,3159803,Santa Vitória,194,148,0.7628865979381443,123,11,0.08943089430894309,39450
Divinópolis,3159902,Santo Antônio do Amparo,735,691,0.9401360544217687,138,33,0.2391304347826087,179000
Juiz de Fora,3160009,Santo Antônio do Aventureiro,57,52,0.9122807017543859,19,7,0.3684210526315789,16000
Timóteo,3160108,Santo Antônio do Grama,130,127,0.9769230769230769,17,11,0.6470588235294118,32200
Diamantina,3160207,Santo Antônio do Itambé,208,131,0.6298076923076923,43,1,0.023255813953488372,35400
Almenara,3160306,Santo Antônio do Jacinto,521,508,0.9750479846449136,97,22,0.2268041237113402,136500
Divinópolis,3160405,Santo Antônio do Monte,107,104,0.9719626168224299,125,15,0.12,30200
Montes Claros,3160454,Santo Antônio do Retiro,448,436,0.9732142857142857,10,2,0.2,114600
Timóteo,3160504,Santo Antônio do Rio Abaixo,86,86,1,34,28,0.8235294117647058,28700
Curvelo,3160603,Santo Hipólito,154,151,0.9805194805194806,12,6,0.5,39700
Juiz de Fora,3160702,Santos Dumont,865,787,0.9098265895953758,321,104,0.32398753894080995,216300
Varginha,3160801,São Bento Abade,45,45,1,47,9,0.19148936170212766,12900
São João Del Rei,3160900,São Brás do Suaçuí,8,8,1,6,3,0.5,2300
Timóteo,3160959,São Domingos das Dores,100,87,0.87,75,10,0.13333333333333333,22000
Timóteo,3161007,São Domingos do Prata,302,270,0.8940397350993378,182,19,0.1043956043956044,65150
Governador Valadares,3161056,São Félix de Minas,157,136,0.8662420382165605,14,0,0,33200
Montes Claros,3161106,São Francisco,3965,3548,0.8948297604035309,477,240,0.5031446540880503,1044700
Divinópolis,3161205,São Francisco de Paula,70,49,0.7,48,1,0.020833333333333332,11700
Ituiutaba,3161304,São Francisco de Sales,32,23,0.71875,8,0,0,5800
Muriaé,3161403,São Francisco do Glória,147,132,0.8979591836734694,40,3,0.075,38700
Muriaé,3161502,São Geraldo,178,117,0.6573033707865169,72,6,0.08333333333333333,28000
Governador Valadares,3161601,São Geraldo da Piedade,169,159,0.9408284023668639,11,1,0.09090909090909091,41000
Governador Valadares,3161650,São Geraldo do Baixio,116,97,0.8362068965517241,40,5,0.125,25200
Patos de Minas,3161700,São Gonçalo do Abaeté,163,151,0.9263803680981595,19,3,0.15789473684210525,40550
Divinópolis,3161809,São Gonçalo do Pará,54,44,0.8148148148148148,64,8,0.125,12300
Timóteo,3161908,São Gonçalo do Rio Abaixo,101,89,0.8811881188118812,50,7,0.14,21200
Varginha,3162005,São Gonçalo do Sapucaí,224,207,0.9241071428571429,291,47,0.16151202749140894,54550
Patos de Minas,3162104,São Gotardo,57,53,0.9298245614035088,468,39,0.08333333333333333,16200
Passos,3162203,São João Batista do Glória,25,22,0.88,38,0,0,6100
Montes Claros,3162252,São João da Lagoa,223,200,0.8968609865470852,34,19,0.5588235294117647,58300
Varginha,3162302,São João da Mata,66,53,0.803030303030303,8,3,0.375,12800
Montes Claros,3162401,São João da Ponte,1036,950,0.916988416988417,127,61,0.48031496062992124,274850
Montes Claros,3162450,São João das Missões,1367,1331,0.9736649597659107,243,88,0.36213991769547327,381900
São João Del Rei,3162500,São João del Rei,902,813,0.9013303769401331,583,109,0.18696397941680962,221550
Muriaé,3162559,São João do Manhuaçu,416,325,0.78125,37,9,0.24324324324324326,86800
Governador Valadares,3162575,São João do Manteninha,114,86,0.7543859649122807,23,2,0.08695652173913043,23100
Timóteo,3162609,São João do Oriente,366,343,0.9371584699453552,43,12,0.27906976744186046,97600
Montes Claros,3162658,São João do Pacuí,287,283,0.9860627177700348,25,11,0.44,83300
Salinas,3162708,São João do Paraíso,813,802,0.986469864698647,311,123,0.3954983922829582,224700
Governador Valadares,3162807,São João Evangelista,621,577,0.92914653784219,142,29,0.20422535211267606,145300
Juiz de Fora,3162906,São João Nepomuceno,357,329,0.9215686274509803,110,27,0.24545454545454545,85750
Metropolitana,3162922,São Joaquim de Bicas,744,643,0.864247311827957,193,59,0.30569948186528495,185050
Passos,3162948,São José da Barra,60,48,0.8,45,17,0.37777777777777777,14500
Metropolitana,3162955,São José da Lapa,367,352,0.9591280653950953,51,8,0.1568627450980392,92400
Governador Valadares,3163003,São José da Safira,282,273,0.9680851063829787,22,7,0.3181818181818182,78600
Metropolitana,3163102,São José da Varginha,18,18,1,63,11,0.1746031746031746,6100
Poços de Caldas,3163201,São José do Alegre,67,60,0.8955223880597015,15,3,0.2,16900
Governador Valadares,3163300,São José do Divino,252,249,0.9880952380952381,21,4,0.19047619047619047,65800
Timóteo,3163409,São José do Goiabal,181,169,0.9337016574585635,52,17,0.3269230769230769,45250
Governador Valadares,3163508,São José do Jacuri,440,425,0.9659090909090909,66,40,0.6060606060606061,118050
Governador Valadares,3163607,São José do Mantimento,104,103,0.9903846153846154,18,0,0,24100
Varginha,3163706,São Lourenço,309,297,0.9611650485436893,241,50,0.2074688796680498,79100
Muriaé,3163805,São Miguel do Anta,326,312,0.9570552147239264,11,7,0.6363636363636364,81800
Passos,3163904,São Pedro da União,34,34,1,95,64,0.6736842105263158,16600
Timóteo,3164001,São Pedro dos Ferros,109,106,0.9724770642201835,54,27,0.5,32950
Governador Valadares,3164100,São Pedro do Suaçuí,347,276,0.7953890489913544,24,6,0.25,76500
Montes Claros,3164209,São Romão,603,573,0.9502487562189055,31,23,0.7419354838709677,159600
Passos,3164308,São Roque de Minas,52,45,0.8653846153846154,42,13,0.30952380952380953,14000
Varginha,3164407,São Sebastião da Bela Vista,37,33,0.8918918918918919,69,49,0.7101449275362319,14550
Muriaé,3164431,São Sebastião da Vargem Alegre,10,5,0.5,16,0,0,1500
Timóteo,3164472,São Sebastião do Anta,248,199,0.8024193548387096,12,5,0.4166666666666667,52100
Governador Valadares,3164506,São Sebastião do Maranhão,663,575,0.8672699849170438,184,42,0.22826086956521738,169200
Divinópolis,3164605,São Sebastião do Oeste,35,27,0.7714285714285715,25,8,0.32,8100
Passos,3164704,São Sebastião do Paraíso,701,675,0.9629101283880172,439,258,0.5876993166287016,204350
Timóteo,3164803,São Sebastião do Rio Preto,37,36,0.972972972972973,14,11,0.7857142857142857,11400
Varginha,3164902,São Sebastião do Rio Verde,4,4,1,4,0,0,800
São João Del Rei,3165008,São Tiago,86,84,0.9767441860465116,122,95,0.7786885245901639,33200
Passos,3165107,São Tomás de Aquino,138,133,0.9637681159420289,67,38,0.5671641791044776,38400
Varginha,3165206,São Thomé das Letras,138,130,0.9420289855072463,48,30,0.625,39500
São João Del Rei,3165305,São Vicente de Minas,118,106,0.8983050847457628,58,1,0.017241379310344827,23700
Poços de Caldas,3165404,Sapucaí Mirim,83,77,0.927710843373494,30,6,0.2,20800
Governador Valadares,3165503,Sardoá,249,207,0.8313253012048193,18,4,0.2222222222222222,53450
Metropolitana,3165537,Sarzedo,307,290,0.9446254071661238,205,43,0.2097560975609756,80900
Teófilo Otoni,3165552,Setubinha,1665,1641,0.9855855855855856,109,25,0.22935779816513763,473600
Timóteo,3165560,Sem-Peixe,77,75,0.974025974025974,12,3,0.25,19000
Poços de Caldas,3165578,Senador Amaral,107,71,0.6635514018691588,125,18,0.144,20800
Juiz de Fora,3165602,Senador Cortês,5,3,0.6,11,1,0.09090909090909091,700
Juiz de Fora,3165701,Senador Firmino,178,148,0.8314606741573034,106,7,0.0660377358490566,37050
Poços de Caldas,3165800,Senador José Bento,11,6,0.5454545454545454,4,0,0,1800
Diamantina,3165909,Senador Modestino Gonçalves,96,96,1,26,2,0.07692307692307693,23700
São João Del Rei,3166006,Senhora de Oliveira,208,208,1,68,55,0.8088235294117647,65100
Governador Valadares,3166105,Senhora do Porto,155,150,0.967741935483871,37,19,0.5135135135135135,41850
São João Del Rei,3166204,Senhora dos Remédios,743,663,0.892328398384926,42,11,0.2619047619047619,187350
Muriaé,3166303,Sericita,267,251,0.9400749063670412,98,3,0.030612244897959183,66500
Juiz de Fora,3166402,Seritinga,1,1,1,2,0,0,200
Diamantina,3166501,Serra Azul de Minas,395,377,0.9544303797468354,65,29,0.4461538461538462,111000
Teófilo Otoni,3166709,Serra dos Aimorés,203,202,0.9950738916256158,154,40,0.2597402597402597,60300
Patos de Minas,3166808,Serra do Salitre,484,448,0.9256198347107438,35,4,0.11428571428571428,114200
Poços de Caldas,3166907,Serrania,175,167,0.9542857142857143,76,13,0.17105263157894737,43400
Montes Claros,3166956,Serranópolis de Minas,225,200,0.8888888888888888,21,18,0.8571428571428571,59600
Juiz de Fora,3167004,Serranos,31,27,0.8709677419354839,1,0,0,6900
Diamantina,3167103,Serro,807,709,0.8785625774473358,398,117,0.29396984924623115,200700
Metropolitana,3167202,Sete Lagoas,2126,2073,0.9750705550329257,989,289,0.29221435793731043,586200
Juiz de Fora,3167301,Silveirânia,43,43,1,18,8,0.4444444444444444,12300
Varginha,3167400,Silvianópolis,164,121,0.7378048780487805,25,6,0.24,32300
Juiz de Fora,3167509,Simão Pereira,13,7,0.5384615384615384,7,0,0,1600
Timóteo,3167608,Simonésia,264,166,0.6287878787878788,547,38,0.06946983546617916,44500
Governador Valadares,3167707,Sobrália,260,255,0.9807692307692307,10,1,0.1,69000
Varginha,3167806,Soledade de Minas,16,15,0.9375,62,22,0.3548387096774194,5700
Juiz de Fora,3167905,Tabuleiro,39,34,0.8717948717948718,41,11,0.2682926829268293,10600
Salinas,3168002,Taiobeiras,1159,1050,0.90595340811044,252,104,0.4126984126984127,310150
Governador Valadares,3168051,Taparuba,150,110,0.7333333333333333,13,1,0.07692307692307693,28600
Uberaba,3168101,Tapira,11,9,0.8181818181818182,6,0,0,2100
Divinópolis,3168200,Tapiraí,3,3,1,3,0,0,900
Metropolitana,3168309,Taquaraçu de Minas,61,53,0.8688524590163934,9,1,0.1111111111111111,14500
Governador Valadares,3168408,Tarumirim,623,601,0.9646869983948636,144,36,0.25,154200
Muriaé,3168507,Teixeiras,226,211,0.9336283185840708,83,14,0.1686746987951807,63900
Teófilo Otoni,3168606,Teófilo Otoni,3439,3075,0.894155277697005,1424,442,0.3103932584269663,871750
Timóteo,3168705,Timóteo,723,689,0.9529737206085753,352,120,0.3409090909090909,192100
São João Del Rei,3168804,Tiradentes,120,106,0.8833333333333333,41,2,0.04878048780487805,25300
Patos de Minas,3168903,Tiros,95,75,0.7894736842105263,42,2,0.047619047619047616,19000
Juiz de Fora,3169000,Tocantins,217,158,0.728110599078341,164,24,0.14634146341463414,42600
Poços de Caldas,3169059,Tocos do Moji,26,18,0.6923076923076923,18,2,0.1111111111111111,3900
Poços de Caldas,3169109,Toledo,14,4,0.2857142857142857,46,0,0,1000
Muriaé,3169208,Tombos,175,160,0.9142857142857143,90,10,0.1111111111111111,42400
Varginha,3169307,Três Corações,504,486,0.9642857142857143,521,149,0.28598848368522073,136800
Curvelo,3169356,Três Marias,236,225,0.9533898305084746,120,24,0.2,65600
Varginha,3169406,Três Pontas,798,760,0.9523809523809523,369,87,0.23577235772357724,215800
Governador Valadares,3169505,Tumiritinga,400,385,0.9625,20,9,0.45,100600
Uberlândia,3169604,Tupaciguara,846,805,0.9515366430260047,172,36,0.20930232558139536,209000
Araçuaí,3169703,Turmalina,681,666,0.9779735682819384,294,89,0.30272108843537415,194300
Varginha,3169802,Turvolândia,29,27,0.9310344827586207,94,11,0.11702127659574468,7000
Juiz de Fora,3169901,Ubá,440,393,0.8931818181818182,995,154,0.15477386934673368,116700
Montes Claros,3170008,Ubaí,1093,969,0.8865507776761208,93,39,0.41935483870967744,286100
Timóteo,3170057,Ubaporanga,561,495,0.8823529411764706,145,39,0.2689655172413793,140300
Uberaba,3170107,Uberaba,1276,1219,0.9553291536050157,819,262,0.3199023199023199,343400
Uberlândia,3170206,Uberlândia,2400,2240,0.9333333333333333,1732,518,0.29907621247113164,635350
Teófilo Otoni,3170305,Umburatiba,144,141,0.9791666666666666,6,4,0.6666666666666666,40400
Paracatu,3170404,Unaí,908,779,0.8579295154185022,657,145,0.2207001522070015,226350
Ituiutaba,3170438,União de Minas,132,125,0.946969696969697,22,6,0.2727272727272727,36900
Paracatu,3170479,Uruana de Minas,43,26,0.6046511627906976,10,0,0,6700
Timóteo,3170503,Urucânia,134,115,0.8582089552238806,56,14,0.25,31100
Montes Claros,3170529,Urucuia,210,202,0.9619047619047619,60,14,0.23333333333333334,49100
Timóteo,3170578,Vargem Alegre,202,199,0.9851485148514851,21,4,0.19047619047619047,55400
Passos,3170602,Vargem Bonita,46,39,0.8478260869565217,15,5,0.3333333333333333,10900
Salinas,3170651,Vargem Grande do Rio Pardo,224,213,0.9508928571428571,27,5,0.18518518518518517,61600
Varginha,3170701,Varginha,528,507,0.9602272727272727,438,95,0.21689497716894976,140550
Patos de Minas,3170750,Varjão de Minas,69,63,0.9130434782608695,49,7,0.14285714285714285,16650
Montes Claros,3170800,Várzea da Palma,494,470,0.951417004048583,545,118,0.21651376146788992,131100
Montes Claros,3170909,Varzelândia,1710,1576,0.9216374269005848,165,52,0.3151515151515151,458500
Paracatu,3171006,Vazante,279,247,0.8853046594982079,200,39,0.195,64800
Montes Claros,3171030,Verdelândia,624,511,0.8189102564102564,81,18,0.2222222222222222,153600
Diamantina,3171071,Veredinha,213,196,0.92018779342723,39,12,0.3076923076923077,57700
Uberaba,3171105,Veríssimo,37,36,0.972972972972973,16,9,0.5625,10500
Timóteo,3171154,Vermelho Novo,241,185,0.7676348547717843,14,0,0,44400
Metropolitana,3171204,Vespasiano,1245,1202,0.9654618473895582,292,79,0.2705479452054795,319600
Muriaé,3171303,Viçosa,570,492,0.8631578947368421,405,67,0.1654320987654321,133600
Muriaé,3171402,Vieiras,18,7,0.3888888888888889,4,1,0.25,1600
Governador Valadares,3171501,Mathias Lobato,250,227,0.908,23,11,0.4782608695652174,61600
Araçuaí,3171600,Virgem da Lapa,609,503,0.825944170771757,99,39,0.3939393939393939,149500
Varginha,3171709,Virgínia,151,122,0.8079470198675497,77,22,0.2857142857142857,31200
Governador Valadares,3171808,Virginópolis,127,89,0.7007874015748031,108,11,0.10185185185185185,26550
Governador Valadares,3171907,Virgolândia,233,232,0.9957081545064378,49,17,0.3469387755102041,65600
Muriaé,3172004,Visconde do Rio Branco,262,205,0.7824427480916031,450,58,0.1288888888888889,59250
Muriaé,3172103,Volta Grande,81,78,0.9629629629629629,5,0,0,19200
Poços de Caldas,3172202,Wenceslau Braz,42,35,0.8333333333333334,32,1,0.03125,9000
NA,NA,NA,0,0,NA,0,0,0,0
