"","Diretoria.Regional","Código.IBGE","municipio","n_alunos","n_alunos_recebeu","perc_alunos_recebeu","n_alunos_pobres","n_alunos_recebeu_pobres","perc_alunos_recebeu_pobres"
"1","Uberlândia",3100104,"ABADIA DOS DOURADOS",78,66,0.846153846153846,31,0,0
"2","Divinópolis",3100203,"ABAETE",98,91,0.928571428571429,151,28,0.185430463576159
"3","Timóteo",3100302,"ABRE CAMPO",459,339,0.738562091503268,126,49,0.388888888888889
"4","Timóteo",3100401,"ACAIACA",165,162,0.981818181818182,20,18,0.9
"5","Governador Valadares",3100500,"ACUCENA",396,333,0.840909090909091,82,22,0.268292682926829
"6","Teófilo Otoni",3100609,"AGUA BOA",1544,1299,0.841321243523316,92,22,0.239130434782609
"7","Uberaba",3100708,"AGUA COMPRIDA",61,58,0.950819672131147,0,0,0
"8","Divinópolis",3100807,"AGUANIL",53,44,0.830188679245283,20,5,0.25
"9","Teófilo Otoni",3100906,"AGUAS FORMOSAS",1482,1428,0.963562753036437,191,83,0.43455497382199
"10","Salinas",3101003,"AGUAS VERMELHAS",1346,1338,0.99405646359584,101,42,0.415841584158416
"11","Governador Valadares",3101102,"AIMORES",509,486,0.954813359528487,258,71,0.275193798449612
"12","Varginha",3101201,"AIURUOCA",67,45,0.671641791044776,14,0,0
"13","Varginha",3101300,"ALAGOA",16,14,0.875,7,0,0
"14","Poços de Caldas",3101409,"ALBERTINA",4,3,0.75,1,0,0
"15","Juiz de Fora",3101508,"ALEM PARAIBA",519,462,0.890173410404624,225,33,0.146666666666667
"16","Varginha",3101607,"ALFENAS",920,861,0.935869565217391,435,101,0.232183908045977
"17","São João Del Rei",3101631,"ALFREDO VASCONCELOS",100,80,0.8,103,7,0.0679611650485437
"18","Almenara",3101706,"ALMENARA",1435,1191,0.829965156794425,175,50,0.285714285714286
"19","Governador Valadares",3101805,"ALPERCATA",148,134,0.905405405405405,32,9,0.28125
"20","Passos",3101904,"ALPINOPOLIS",120,111,0.925,182,62,0.340659340659341
"21","Passos",3102001,"ALTEROSA",212,173,0.816037735849057,95,13,0.136842105263158
"22","Muriaé",3102050,"ALTO CAPARAO",90,75,0.833333333333333,55,7,0.127272727272727
"23","Muriaé",3153509,"ALTO JEQUITIBA",307,213,0.693811074918567,114,15,0.131578947368421
"24","São João Del Rei",3102100,"ALTO RIO DOCE",769,673,0.875162548764629,49,7,0.142857142857143
"25","Governador Valadares",3102209,"ALVARENGA",206,204,0.990291262135922,47,13,0.276595744680851
"26","Timóteo",3102308,"ALVINOPOLIS",586,578,0.986348122866894,145,65,0.448275862068966
"27","Diamantina",3102407,"ALVORADA DE MINAS",457,358,0.783369803063457,45,12,0.266666666666667
"28","Muriaé",3102506,"AMPARO DA SERRA",157,136,0.866242038216561,7,0,0
"29","Poços de Caldas",3102605,"ANDRADAS",103,77,0.747572815533981,178,23,0.129213483146067
"30","Juiz de Fora",3102803,"ANDRELANDIA",174,148,0.850574712643678,43,1,0.0232558139534884
"31","Diamantina",3102852,"ANGELANDIA",607,510,0.840197693574959,145,43,0.296551724137931
"32","São João Del Rei",3102902,"ANTONIO CARLOS",195,175,0.897435897435897,141,22,0.156028368794326
"33","Timóteo",3103009,"ANTONIO DIAS",372,353,0.948924731182796,86,24,0.27906976744186
"34","Muriaé",3103108,"ANTONIO PRADO DE MINAS",43,36,0.837209302325581,21,4,0.19047619047619
"35","Curvelo",3103207,"ARACAI",27,22,0.814814814814815,7,0,0
"36","Juiz de Fora",3103306,"ARACITABA",24,24,1,12,9,0.75
"37","Araçuaí",3103405,"ARACUAI",1853,1766,0.953049109552078,362,141,0.389502762430939
"38","Uberlândia",3103504,"ARAGUARI",1518,1467,0.966403162055336,757,161,0.212681638044914
"39","Juiz de Fora",3103603,"ARANTINA",42,35,0.833333333333333,1,0,0
"40","Muriaé",3103702,"ARAPONGA",167,110,0.658682634730539,122,19,0.155737704918033
"41","Uberlândia",3103751,"ARAPORA",16,15,0.9375,6,1,0.166666666666667
"42","Patos de Minas",3103801,"ARAPUA",22,22,1,5,0,0
"43","Divinópolis",3103900,"ARAUJOS",34,30,0.882352941176471,30,2,0.0666666666666667
"44","Uberaba",3104007,"ARAXA",1316,1266,0.962006079027356,307,98,0.319218241042345
"45","Poços de Caldas",3104106,"ARCEBURGO",65,64,0.984615384615385,36,5,0.138888888888889
"46","Divinópolis",3104205,"ARCOS",275,239,0.869090909090909,133,15,0.112781954887218
"47","Varginha",3104304,"AREADO",100,93,0.93,113,24,0.212389380530973
"48","Juiz de Fora",3104403,"ARGIRITA",22,22,1,6,1,0.166666666666667
"49","Diamantina",3104452,"ARICANDUVA",434,364,0.838709677419355,43,11,0.255813953488372
"50","Paracatu",3104502,"ARINOS",1008,856,0.849206349206349,105,48,0.457142857142857
"51","Juiz de Fora",3104601,"ASTOLFO DUTRA",133,118,0.887218045112782,68,3,0.0441176470588235
"52","Teófilo Otoni",3104700,"ATALEIA",891,798,0.895622895622896,101,25,0.247524752475248
"53","Curvelo",3104809,"AUGUSTO DE LIMA",95,85,0.894736842105263,23,6,0.260869565217391
"54","Varginha",3104908,"BAEPENDI",389,258,0.663239074550129,100,20,0.2
"55","Metropolitana",3105004,"BALDIM",221,215,0.972850678733032,67,12,0.17910447761194
"56","Divinópolis",3105103,"BAMBUI",216,194,0.898148148148148,116,23,0.198275862068966
"57","Almenara",3105202,"BANDEIRA",161,127,0.788819875776398,57,22,0.385964912280702
"58","Poços de Caldas",3105301,"BANDEIRA DO SUL",24,24,1,17,0,0
"59","Metropolitana",3105400,"BARAO DE COCAIS",323,299,0.925696594427245,189,37,0.195767195767196
"60","Muriaé",3105509,"BARAO DE MONTE ALTO",177,175,0.988700564971751,34,14,0.411764705882353
"61","São João Del Rei",3105608,"BARBACENA",1171,1096,0.935952177625961,633,97,0.153238546603476
"62","Timóteo",3105707,"BARRA LONGA",339,308,0.908554572271386,35,6,0.171428571428571
"63","São João Del Rei",3105905,"BARROSO",711,697,0.980309423347398,86,18,0.209302325581395
"64","Timóteo",3106002,"BELA VISTA DE MINAS",201,186,0.925373134328358,52,12,0.230769230769231
"65","Juiz de Fora",3106101,"BELMIRO BRAGA",66,61,0.924242424242424,30,6,0.2
"66","Metropolitana",3106200,"BELO HORIZONTE",15869,15193,0.957401222509295,6528,1669,0.255667892156863
"67","Timóteo",3106309,"BELO ORIENTE",548,531,0.968978102189781,64,20,0.3125
"68","Metropolitana",3106408,"BELO VALE",77,65,0.844155844155844,84,5,0.0595238095238095
"69","Araçuaí",3106507,"BERILO",647,626,0.967542503863988,124,50,0.403225806451613
"70","Salinas",3106655,"BERIZAL",440,429,0.975,24,14,0.583333333333333
"71","Teófilo Otoni",3106606,"BERTOPOLIS",497,487,0.979879275653924,13,8,0.615384615384615
"72","Metropolitana",3106705,"BETIM",6127,5927,0.967357597519177,1078,238,0.220779220779221
"73","Juiz de Fora",3106804,"BIAS FORTES",174,164,0.942528735632184,12,5,0.416666666666667
"74","Juiz de Fora",3106903,"BICAS",156,146,0.935897435897436,33,9,0.272727272727273
"75","Divinópolis",3107000,"BIQUINHAS",23,17,0.739130434782609,7,0,0
"76","Varginha",3107109,"BOA ESPERANCA",286,271,0.947552447552448,512,135,0.263671875
"77","Juiz de Fora",3107208,"BOCAINA DE MINAS",30,30,1,4,0,0
"78","Montes Claros",3107307,"BOCAIUVA",3624,3480,0.960264900662252,258,129,0.5
"79","Divinópolis",3107406,"BOM DESPACHO",530,481,0.907547169811321,335,63,0.188059701492537
"80","Juiz de Fora",3107505,"BOM JARDIM DE MINAS",99,93,0.939393939393939,34,5,0.147058823529412
"81","Passos",3107604,"BOM JESUS DA PENHA",102,101,0.990196078431373,2,0,0
"82","Metropolitana",3107703,"BOM JESUS DO AMPARO",150,112,0.746666666666667,54,23,0.425925925925926
"83","Timóteo",3107802,"BOM JESUS DO GALHO",1043,941,0.902205177372963,29,14,0.482758620689655
"84","Poços de Caldas",3107901,"BOM REPOUSO",108,94,0.87037037037037,173,6,0.0346820809248555
"85","São João Del Rei",3108008,"BOM SUCESSO",48,40,0.833333333333333,270,10,0.037037037037037
"86","Metropolitana",3108107,"BONFIM",229,228,0.995633187772926,17,0,0
"87","Paracatu",3108206,"BONFINOPOLIS DE MINAS",56,42,0.75,49,7,0.142857142857143
"88","Montes Claros",3108255,"BONITO DE MINAS",787,658,0.836086404066074,90,12,0.133333333333333
"89","Poços de Caldas",3108305,"BORDA DA MATA",106,96,0.905660377358491,81,26,0.320987654320988
"90","Poços de Caldas",3108404,"BOTELHOS",126,109,0.865079365079365,164,10,0.0609756097560976
"91","Montes Claros",3108503,"BOTUMIRIM",579,579,1,56,22,0.392857142857143
"92","São João Del Rei",3108701,"BRAS PIRES",218,216,0.990825688073395,11,5,0.454545454545455
"93","Paracatu",3108552,"BRASILANDIA DE MINAS",607,552,0.909390444810544,78,22,0.282051282051282
"94","Montes Claros",3108602,"BRASILIA DE MINAS",2100,1899,0.904285714285714,342,118,0.345029239766082
"95","Timóteo",3108800,"BRAUNAS",195,185,0.948717948717949,30,7,0.233333333333333
"96","Poços de Caldas",3108909,"BRAZOPOLIS",80,59,0.7375,122,11,0.0901639344262295
"97","Metropolitana",3109006,"BRUMADINHO",69,54,0.782608695652174,15,0,0
"98","Poços de Caldas",3109105,"BUENO BRANDAO",70,66,0.942857142857143,56,3,0.0535714285714286
"99","Curvelo",3109204,"BUENOPOLIS",321,302,0.940809968847352,95,29,0.305263157894737
"100","Timóteo",3109253,"BUGRE",164,141,0.859756097560976,46,5,0.108695652173913
"101","Paracatu",3109303,"BURITIS",316,287,0.908227848101266,116,15,0.129310344827586
"102","Montes Claros",3109402,"BURITIZEIRO",1611,1510,0.937306021104904,116,48,0.413793103448276
"103","Paracatu",3109451,"CABECEIRA GRANDE",105,91,0.866666666666667,17,1,0.0588235294117647
"104","Poços de Caldas",3109501,"CABO VERDE",157,117,0.745222929936306,120,11,0.0916666666666667
"105","Metropolitana",3109600,"CACHOEIRA DA PRATA",11,11,1,8,1,0.125
"106","Poços de Caldas",3109709,"CACHOEIRA DE MINAS",46,39,0.847826086956522,78,4,0.0512820512820513
"107","Salinas",3102704,"CACHOEIRA DE PAJEU",675,674,0.998518518518518,60,37,0.616666666666667
"108","Ituiutaba",3109808,"CACHOEIRA DOURADA",4,4,1,1,0,0
"109","Curvelo",3109907,"CAETANOPOLIS",176,166,0.943181818181818,68,27,0.397058823529412
"110","Metropolitana",3110004,"CAETE",559,508,0.908765652951699,319,69,0.216300940438871
"111","Muriaé",3110103,"CAIANA",101,53,0.524752475247525,81,3,0.037037037037037
"112","Muriaé",3110202,"CAJURI",38,31,0.815789473684211,2,1,0.5
"113","Poços de Caldas",3110301,"CALDAS",132,119,0.901515151515151,63,1,0.0158730158730159
"114","Divinópolis",3110400,"CAMACHO",22,12,0.545454545454545,31,0,0
"115","Poços de Caldas",3110509,"CAMANDUCAIA",188,110,0.585106382978723,77,7,0.0909090909090909
"116","Poços de Caldas",3110608,"CAMBUI",298,243,0.815436241610738,113,15,0.132743362831858
"117","Varginha",3110707,"CAMBUQUIRA",368,349,0.948369565217391,96,19,0.197916666666667
"118","Teófilo Otoni",3110806,"CAMPANARIO",161,154,0.956521739130435,17,5,0.294117647058824
"119","Varginha",3110905,"CAMPANHA",261,238,0.911877394636015,226,59,0.261061946902655
"120","Poços de Caldas",3111002,"CAMPESTRE",59,36,0.610169491525424,86,2,0.0232558139534884
"121","Ituiutaba",3111101,"CAMPINA VERDE",188,136,0.723404255319149,104,12,0.115384615384615
"122","Montes Claros",3111150,"CAMPO AZUL",276,253,0.916666666666667,25,14,0.56
"123","Divinópolis",3111200,"CAMPO BELO",674,636,0.943620178041543,333,38,0.114114114114114
"124","Varginha",3111309,"CAMPO DO MEIO",307,277,0.90228013029316,56,5,0.0892857142857143
"125","Uberaba",3111408,"CAMPO FLORIDO",251,223,0.888446215139442,25,8,0.32
"126","Patos de Minas",3111507,"CAMPOS ALTOS",142,131,0.922535211267606,67,12,0.17910447761194
"127","Varginha",3111606,"CAMPOS GERAIS",436,372,0.853211009174312,349,57,0.163323782234957
"128","Divinópolis",3111903,"CANA VERDE",94,86,0.914893617021277,63,9,0.142857142857143
"129","Muriaé",3111705,"CANAA",213,213,1,11,0,0
"130","Ituiutaba",3111804,"CANAPOLIS",122,113,0.926229508196721,50,4,0.08
"131","Divinópolis",3112000,"CANDEIAS",129,115,0.891472868217054,128,14,0.109375
"132","Governador Valadares",3112059,"CANTAGALO",174,173,0.994252873563218,37,8,0.216216216216216
"133","Muriaé",3112109,"CAPARAO",282,259,0.918439716312057,29,2,0.0689655172413793
"134","São João Del Rei",3112208,"CAPELA NOVA",159,139,0.874213836477987,31,5,0.161290322580645
"135","Diamantina",3112307,"CAPELINHA",1461,1304,0.892539356605065,621,199,0.320450885668277
"136","Passos",3112406,"CAPETINGA",116,113,0.974137931034483,63,11,0.174603174603175
"137","Metropolitana",3112505,"CAPIM BRANCO",101,99,0.98019801980198,59,16,0.271186440677966
"138","Ituiutaba",3112604,"CAPINOPOLIS",261,255,0.977011494252874,127,74,0.582677165354331
"139","Governador Valadares",3112653,"CAPITAO ANDRADE",218,190,0.871559633027523,19,4,0.210526315789474
"140","Montes Claros",3112703,"CAPITAO ENEAS",1006,953,0.947316103379722,142,73,0.514084507042254
"141","Passos",3112802,"CAPITOLIO",22,22,1,54,3,0.0555555555555556
"142","Muriaé",3112901,"CAPUTIRA",337,216,0.640949554896142,82,5,0.0609756097560976
"143","Teófilo Otoni",3113008,"CARAI",1562,1434,0.918053777208707,182,38,0.208791208791209
"144","São João Del Rei",3113107,"CARANAIBA",107,107,1,15,4,0.266666666666667
"145","São João Del Rei",3113206,"CARANDAI",269,245,0.910780669144981,122,29,0.237704918032787
"146","Muriaé",3113305,"CARANGOLA",1160,1066,0.918965517241379,230,40,0.173913043478261
"147","Timóteo",3113404,"CARATINGA",1012,913,0.902173913043478,1251,200,0.159872102318145
"148","Diamantina",3113503,"CARBONITA",306,301,0.983660130718954,64,29,0.453125
"149","Varginha",3113602,"CAREACU",58,42,0.724137931034483,104,21,0.201923076923077
"150","Teófilo Otoni",3113701,"CARLOS CHAGAS",496,411,0.828629032258065,62,23,0.370967741935484
"151","Timóteo",3113800,"CARMESIA",44,37,0.840909090909091,12,3,0.25
"152","Varginha",3113909,"CARMO DA CACHOEIRA",154,140,0.909090909090909,365,27,0.073972602739726
"153","Divinópolis",3114006,"CARMO DA MATA",145,130,0.896551724137931,65,10,0.153846153846154
"154","Varginha",3114105,"CARMO DE MINAS",398,383,0.962311557788945,144,31,0.215277777777778
"155","Divinópolis",3114204,"CARMO DO CAJURU",68,59,0.867647058823529,81,9,0.111111111111111
"156","Patos de Minas",3114303,"CARMO DO PARANAIBA",313,287,0.916932907348243,187,29,0.155080213903743
"157","Passos",3114402,"CARMO DO RIO CLARO",259,239,0.922779922779923,203,48,0.236453201970443
"158","Divinópolis",3114501,"CARMOPOLIS DE MINAS",87,63,0.724137931034483,143,5,0.034965034965035
"159","Ituiutaba",3114550,"CARNEIRINHO",70,59,0.842857142857143,64,1,0.015625
"160","São João Del Rei",3114600,"CARRANCAS",30,25,0.833333333333333,48,2,0.0416666666666667
"161","Varginha",3114709,"CARVALHOPOLIS",5,4,0.8,11,6,0.545454545454545
"162","Juiz de Fora",3114808,"CARVALHOS",143,132,0.923076923076923,13,0,0
"163","São João Del Rei",3114907,"CASA GRANDE",8,8,1,10,1,0.1
"164","Uberlândia",3115003,"CASCALHO RICO",25,25,1,5,2,0.4
"165","Passos",3115102,"CASSIA",308,278,0.902597402597403,143,28,0.195804195804196
"166","Muriaé",3115300,"CATAGUASES",565,503,0.890265486725664,649,120,0.184899845916795
"167","Metropolitana",3115359,"CATAS ALTAS",45,41,0.911111111111111,30,4,0.133333333333333
"168","São João Del Rei",3115409,"CATAS ALTAS DA NORUEGA",196,178,0.908163265306122,74,32,0.432432432432432
"169","Teófilo Otoni",3115458,"CATUJI",597,523,0.876046901172529,61,14,0.229508196721311
"170","Montes Claros",3115474,"CATUTI",326,287,0.880368098159509,18,5,0.277777777777778
"171","Varginha",3115508,"CAXAMBU",438,426,0.972602739726027,182,33,0.181318681318681
"172","Divinópolis",3115607,"CEDRO DO ABAETE",41,41,1,12,7,0.583333333333333
"173","Governador Valadares",3115706,"CENTRAL DE MINAS",366,310,0.846994535519126,13,6,0.461538461538462
"174","Ituiutaba",3115805,"CENTRALINA",228,214,0.93859649122807,23,5,0.217391304347826
"175","Juiz de Fora",3115904,"CHACARA",19,13,0.684210526315789,5,0,0
"176","Governador Valadares",3116001,"CHALE",397,340,0.856423173803526,18,0,0
"177","Araçuaí",3116100,"CHAPADA DO NORTE",750,714,0.952,152,50,0.328947368421053
"178","Montes Claros",3116159,"CHAPADA GAUCHA",677,619,0.914327917282127,68,23,0.338235294117647
"179","Juiz de Fora",3116209,"CHIADOR",21,20,0.952380952380952,0,0,0
"180","São João Del Rei",3116308,"CIPOTANEA",382,376,0.984293193717278,51,22,0.431372549019608
"181","Passos",3116407,"CLARAVAL",86,86,1,22,8,0.363636363636364
"182","Montes Claros",3116506,"CLARO DOS POCOES",436,410,0.940366972477064,80,28,0.35
"183","Divinópolis",3116605,"CLAUDIO",134,132,0.985074626865672,137,51,0.372262773722628
"184","Muriaé",3116704,"COIMBRA",179,93,0.519553072625698,78,6,0.0769230769230769
"185","Diamantina",3116803,"COLUNA",651,526,0.807987711213518,107,37,0.345794392523364
"186","Uberaba",3116902,"COMENDADOR GOMES",27,21,0.777777777777778,1,0,0
"187","Araçuaí",3117009,"COMERCINHO",475,434,0.913684210526316,22,7,0.318181818181818
"188","Passos",3117108,"CONCEICAO DA APARECIDA",156,119,0.762820512820513,123,14,0.113821138211382
"189","São João Del Rei",3115201,"CONCEICAO DA BARRA DE MINAS",119,114,0.957983193277311,45,15,0.333333333333333
"190","Uberaba",3117306,"CONCEICAO DAS ALAGOAS",151,139,0.920529801324503,238,33,0.138655462184874
"191","Varginha",3117207,"CONCEICAO DAS PEDRAS",69,66,0.956521739130435,18,10,0.555555555555556
"192","Governador Valadares",3117405,"CONCEICAO DE IPANEMA",189,122,0.645502645502645,6,1,0.166666666666667
"193","Diamantina",3117504,"CONCEICAO DO MATO DENTRO",776,631,0.813144329896907,193,42,0.217616580310881
"194","Divinópolis",3117603,"CONCEICAO DO PARA",116,71,0.612068965517241,68,5,0.0735294117647059
"195","Varginha",3117702,"CONCEICAO DO RIO VERDE",373,350,0.938337801608579,155,24,0.154838709677419
"196","Poços de Caldas",3117801,"CONCEICAO DOS OUROS",57,46,0.807017543859649,66,7,0.106060606060606
"197","Montes Claros",3117836,"CONEGO MARINHO",674,608,0.902077151335312,39,20,0.512820512820513
"198","Metropolitana",3117876,"CONFINS",48,47,0.979166666666667,16,4,0.25
"199","Poços de Caldas",3117900,"CONGONHAL",92,71,0.771739130434783,101,4,0.0396039603960396
"200","São João Del Rei",3118007,"CONGONHAS",49,42,0.857142857142857,109,8,0.073394495412844
"201","Curvelo",3118106,"CONGONHAS DO NORTE",294,294,1,44,13,0.295454545454545
"202","Uberaba",3118205,"CONQUISTA",110,107,0.972727272727273,35,3,0.0857142857142857
"203","São João Del Rei",3118304,"CONSELHEIRO LAFAIETE",324,295,0.910493827160494,717,112,0.156206415620642
"204","Governador Valadares",3118403,"CONSELHEIRO PENA",803,697,0.86799501867995,115,25,0.217391304347826
"205","Poços de Caldas",3118502,"CONSOLACAO",57,57,1,3,2,0.666666666666667
"206","Metropolitana",3118601,"CONTAGEM",5364,5109,0.952460850111857,1616,303,0.1875
"207","Varginha",3118700,"COQUEIRAL",261,257,0.984674329501916,115,22,0.191304347826087
"208","Montes Claros",3118809,"CORACAO DE JESUS",2379,2303,0.968053804119378,111,45,0.405405405405405
"209","Curvelo",3118908,"CORDISBURGO",378,373,0.986772486772487,36,6,0.166666666666667
"210","Varginha",3119005,"CORDISLANDIA",123,117,0.951219512195122,15,3,0.2
"211","Curvelo",3119104,"CORINTO",438,411,0.938356164383562,119,24,0.201680672268908
"212","Governador Valadares",3119203,"COROACI",354,278,0.785310734463277,32,9,0.28125
"213","Patos de Minas",3119302,"COROMANDEL",286,255,0.891608391608392,424,58,0.136792452830189
"214","Timóteo",3119401,"CORONEL FABRICIANO",1590,1570,0.987421383647799,587,125,0.212947189097104
"215","Araçuaí",3119500,"CORONEL MURTA",340,327,0.961764705882353,42,9,0.214285714285714
"216","Juiz de Fora",3119609,"CORONEL PACHECO",20,20,1,0,0,0
"217","São João Del Rei",3119708,"CORONEL XAVIER CHAVES",16,16,1,42,0,0
"218","Divinópolis",3119807,"CORREGO DANTA",37,34,0.918918918918919,11,4,0.363636363636364
"219","Poços de Caldas",3119906,"CORREGO DO BOM JESUS",33,19,0.575757575757576,25,1,0.04
"220","Divinópolis",3119955,"CORREGO FUNDO",7,7,1,4,0,0
"221","Timóteo",3120003,"CORREGO NOVO",115,108,0.939130434782609,23,17,0.739130434782609
"222","Diamantina",3120102,"COUTO DE MAGALHAES DE MINAS",166,160,0.963855421686747,23,11,0.478260869565217
"223","Teófilo Otoni",3120151,"CRISOLITA",265,225,0.849056603773585,34,10,0.294117647058824
"224","Divinópolis",3120201,"CRISTAIS",73,67,0.917808219178082,74,4,0.0540540540540541
"225","Montes Claros",3120300,"CRISTALIA",692,669,0.966763005780347,20,4,0.2
"226","São João Del Rei",3120409,"CRISTIANO OTONI",75,68,0.906666666666667,16,8,0.5
"227","Varginha",3120508,"CRISTINA",90,78,0.866666666666667,117,10,0.0854700854700855
"228","Divinópolis",3120607,"CRUCILANDIA",129,122,0.945736434108527,49,4,0.0816326530612245
"229","Patos de Minas",3120706,"CRUZEIRO DA FORTALEZA",31,26,0.838709677419355,8,0,0
"230","Varginha",3120805,"CRUZILIA",351,322,0.917378917378917,45,12,0.266666666666667
"231","Governador Valadares",3120839,"CUPARAQUE",89,83,0.932584269662921,13,0,0
"232","Salinas",3120870,"CURRAL DE DENTRO",658,616,0.936170212765957,27,12,0.444444444444444
"233","Curvelo",3120904,"CURVELO",1455,1351,0.928522336769759,500,134,0.268
"234","Diamantina",3121001,"DATAS",132,103,0.78030303030303,38,12,0.315789473684211
"235","Poços de Caldas",3121100,"DELFIM MOREIRA",66,46,0.696969696969697,79,9,0.113924050632911
"236","Passos",3121209,"DELFINOPOLIS",27,24,0.888888888888889,50,19,0.38
"237","Uberaba",3121258,"DELTA",82,70,0.853658536585366,12,3,0.25
"238","Juiz de Fora",3121308,"DESCOBERTO",73,58,0.794520547945205,15,7,0.466666666666667
"239","São João Del Rei",3121407,"DESTERRO DE ENTRE RIOS",108,102,0.944444444444444,76,5,0.0657894736842105
"240","São João Del Rei",3121506,"DESTERRO DO MELO",39,35,0.897435897435897,2,0,0
"241","Diamantina",3121605,"DIAMANTINA",1514,1439,0.950462351387054,485,123,0.25360824742268
"242","Timóteo",3121704,"DIOGO DE VASCONCELOS",177,176,0.994350282485876,19,10,0.526315789473684
"243","Timóteo",3121803,"DIONISIO",265,248,0.935849056603774,73,24,0.328767123287671
"244","Juiz de Fora",3121902,"DIVINESIA",33,30,0.909090909090909,37,19,0.513513513513513
"245","Muriaé",3122009,"DIVINO",732,434,0.592896174863388,509,55,0.108055009823183
"246","Governador Valadares",3122108,"DIVINO DAS LARANJEIRAS",239,229,0.9581589958159,20,14,0.7
"247","Governador Valadares",3122207,"DIVINOLANDIA DE MINAS",373,355,0.951742627345844,44,19,0.431818181818182
"248","Divinópolis",3122306,"DIVINOPOLIS",442,418,0.945701357466063,867,106,0.122260668973472
"249","Salinas",3122355,"DIVISA ALEGRE",224,217,0.96875,28,11,0.392857142857143
"250","Poços de Caldas",3122405,"DIVISA NOVA",69,66,0.956521739130435,70,5,0.0714285714285714
"251","Almenara",3122454,"DIVISOPOLIS",588,537,0.913265306122449,26,16,0.615384615384615
"252","Paracatu",3122470,"DOM BOSCO",147,133,0.904761904761905,59,18,0.305084745762712
"253","Governador Valadares",3122504,"DOM CAVATI",81,81,1,31,4,0.129032258064516
"254","Diamantina",3122603,"DOM JOAQUIM",316,304,0.962025316455696,43,4,0.0930232558139535
"255","Timóteo",3122702,"DOM SILVERIO",94,57,0.606382978723404,16,2,0.125
"256","Varginha",3122801,"DOM VICOSO",13,12,0.923076923076923,37,7,0.189189189189189
"257","Juiz de Fora",3122900,"DONA EUZEBIA",56,39,0.696428571428571,44,4,0.0909090909090909
"258","São João Del Rei",3123007,"DORES DE CAMPOS",36,31,0.861111111111111,67,4,0.0597014925373134
"259","Governador Valadares",3123106,"DORES DE GUANHAES",146,83,0.568493150684932,68,27,0.397058823529412
"260","Divinópolis",3123205,"DORES DO INDAIA",45,43,0.955555555555556,72,5,0.0694444444444444
"261","Juiz de Fora",3123304,"DORES DO TURVO",182,180,0.989010989010989,23,1,0.0434782608695652
"262","Passos",3123403,"DORESOPOLIS",6,6,1,14,0,0
"263","Uberlândia",3123502,"DOURADOQUARA",61,57,0.934426229508197,15,1,0.0666666666666667
"264","Governador Valadares",3123528,"DURANDE",488,400,0.819672131147541,31,10,0.32258064516129
"265","Varginha",3123601,"ELOI MENDES",170,162,0.952941176470588,165,18,0.109090909090909
"266","Governador Valadares",3123700,"ENGENHEIRO CALDAS",245,236,0.963265306122449,64,19,0.296875
"267","Montes Claros",3123809,"ENGENHEIRO NAVARRO",516,482,0.934108527131783,7,6,0.857142857142857
"268","Timóteo",3123858,"ENTRE FOLHAS",179,133,0.743016759776536,76,8,0.105263157894737
"269","São João Del Rei",3123908,"ENTRE RIOS DE MINAS",258,242,0.937984496124031,113,7,0.0619469026548673
"270","Muriaé",3124005,"ERVALIA",424,405,0.955188679245283,361,16,0.0443213296398892
"271","Metropolitana",3124104,"ESMERALDAS",1533,1253,0.817351598173516,537,88,0.163873370577281
"272","Muriaé",3124203,"ESPERA FELIZ",796,581,0.729899497487437,328,22,0.0670731707317073
"273","Montes Claros",3124302,"ESPINOSA",2276,2081,0.914323374340949,280,108,0.385714285714286
"274","Varginha",3124401,"ESPIRITO SANTO DO DOURADO",21,21,1,168,4,0.0238095238095238
"275","Poços de Caldas",3124500,"ESTIVA",177,112,0.632768361581921,137,13,0.0948905109489051
"276","Muriaé",3124609,"ESTRELA DALVA",48,47,0.979166666666667,19,3,0.157894736842105
"277","Divinópolis",3124708,"ESTRELA DO INDAIA",44,44,1,13,3,0.230769230769231
"278","Uberlândia",3124807,"ESTRELA DO SUL",147,135,0.918367346938776,54,13,0.240740740740741
"279","Muriaé",3124906,"EUGENOPOLIS",259,182,0.702702702702703,67,6,0.0895522388059701
"280","Juiz de Fora",3125002,"EWBANK DA CAMARA",171,143,0.83625730994152,27,13,0.481481481481481
"281","Poços de Caldas",3125101,"EXTREMA",62,44,0.709677419354839,53,7,0.132075471698113
"282","Varginha",3125200,"FAMA",17,15,0.882352941176471,12,5,0.416666666666667
"283","Muriaé",3125309,"FARIA LEMOS",137,104,0.759124087591241,5,0,0
"284","Diamantina",3125408,"FELICIO DOS SANTOS",244,240,0.983606557377049,89,13,0.146067415730337
"285","Almenara",3125606,"FELISBURGO",423,390,0.921985815602837,24,8,0.333333333333333
"286","Curvelo",3125705,"FELIXLANDIA",205,178,0.868292682926829,170,58,0.341176470588235
"287","Governador Valadares",3125804,"FERNANDES TOURINHO",77,76,0.987012987012987,22,4,0.181818181818182
"288","Timóteo",3125903,"FERROS",459,399,0.869281045751634,104,20,0.192307692307692
"289","Muriaé",3125952,"FERVEDOURO",655,538,0.821374045801527,145,27,0.186206896551724
"290","Metropolitana",3126000,"FLORESTAL",53,42,0.792452830188679,41,10,0.24390243902439
"291","Divinópolis",3126109,"FORMIGA",383,367,0.95822454308094,184,23,0.125
"292","Paracatu",3126208,"FORMOSO",505,452,0.895049504950495,38,17,0.447368421052632
"293","Passos",3126307,"FORTALEZA DE MINAS",28,23,0.821428571428571,22,7,0.318181818181818
"294","Metropolitana",3126406,"FORTUNA DE MINAS",8,7,0.875,0,0,0
"295","Araçuaí",3126505,"FRANCISCO BADARO",469,463,0.987206823027719,48,21,0.4375
"296","Montes Claros",3126604,"FRANCISCO DUMONT",234,222,0.948717948717949,39,17,0.435897435897436
"297","Montes Claros",3126703,"FRANCISCO SA",1309,1191,0.909854851031322,137,84,0.613138686131387
"298","Teófilo Otoni",3126752,"FRANCISCOPOLIS",415,374,0.901204819277108,31,4,0.129032258064516
"299","Teófilo Otoni",3126802,"FREI GASPAR",265,253,0.954716981132075,36,12,0.333333333333333
"300","Governador Valadares",3126901,"FREI INOCENCIO",656,601,0.916158536585366,15,7,0.466666666666667
"301","Diamantina",3126950,"FREI LAGONEGRO",267,265,0.99250936329588,17,12,0.705882352941177
"302","Uberaba",3127008,"FRONTEIRA",270,250,0.925925925925926,55,22,0.4
"303","Teófilo Otoni",3127057,"FRONTEIRA DOS VALES",317,308,0.971608832807571,6,2,0.333333333333333
"304","Salinas",3127073,"FRUTA DE LEITE",356,346,0.971910112359551,90,26,0.288888888888889
"305","Uberaba",3127107,"FRUTAL",436,400,0.917431192660551,421,152,0.36104513064133
"306","Metropolitana",3127206,"FUNILANDIA",193,185,0.958549222797927,36,6,0.166666666666667
"307","Governador Valadares",3127305,"GALILEIA",222,205,0.923423423423423,35,9,0.257142857142857
"308","Montes Claros",3127339,"GAMELEIRAS",314,293,0.93312101910828,21,15,0.714285714285714
"309","Montes Claros",3127354,"GLAUCILANDIA",113,112,0.991150442477876,31,16,0.516129032258065
"310","Governador Valadares",3127370,"GOIABEIRA",71,61,0.859154929577465,19,0,0
"311","Juiz de Fora",3127388,"GOIANA",83,74,0.891566265060241,25,6,0.24
"312","Poços de Caldas",3127404,"GONCALVES",8,4,0.5,13,1,0.0769230769230769
"313","Governador Valadares",3127503,"GONZAGA",155,133,0.858064516129032,70,5,0.0714285714285714
"314","Diamantina",3127602,"GOUVEIA",220,197,0.895454545454546,118,28,0.23728813559322
"315","Governador Valadares",3127701,"GOVERNADOR VALADARES",3144,2880,0.916030534351145,2183,533,0.244159413650939
"316","Montes Claros",3127800,"GRAO MOGOL",588,566,0.962585034013605,114,56,0.491228070175439
"317","Uberlândia",3127909,"GRUPIARA",23,14,0.608695652173913,11,1,0.0909090909090909
"318","Governador Valadares",3128006,"GUANHAES",659,568,0.861911987860395,509,129,0.253438113948919
"319","Passos",3128105,"GUAPE",127,117,0.921259842519685,135,11,0.0814814814814815
"320","Muriaé",3128204,"GUARACIABA",561,455,0.811051693404635,36,14,0.388888888888889
"321","Montes Claros",3128253,"GUARACIAMA",338,322,0.952662721893491,11,10,0.909090909090909
"322","Poços de Caldas",3128303,"GUARANESIA",110,105,0.954545454545455,125,14,0.112
"323","Juiz de Fora",3128402,"GUARANI",153,118,0.77124183006536,51,6,0.117647058823529
"324","Juiz de Fora",3128501,"GUARARA",36,31,0.861111111111111,3,0,0
"325","Paracatu",3128600,"GUARDA-MOR",69,63,0.91304347826087,94,14,0.148936170212766
"326","Poços de Caldas",3128709,"GUAXUPE",281,269,0.95729537366548,288,37,0.128472222222222
"327","Muriaé",3128808,"GUIDOVAL",280,231,0.825,18,2,0.111111111111111
"328","Patos de Minas",3128907,"GUIMARANIA",283,279,0.985865724381625,38,16,0.421052631578947
"329","Muriaé",3129004,"GUIRICEMA",280,216,0.771428571428571,38,4,0.105263157894737
"330","Ituiutaba",3129103,"GURINHATA",76,52,0.684210526315789,20,7,0.35
"331","Varginha",3129202,"HELIODORA",80,61,0.7625,65,2,0.0307692307692308
"332","Timóteo",3129301,"IAPU",367,356,0.970027247956403,116,16,0.137931034482759
"333","São João Del Rei",3129400,"IBERTIOGA",149,136,0.912751677852349,49,1,0.0204081632653061
"334","Uberaba",3129509,"IBIA",239,222,0.928870292887029,227,24,0.105726872246696
"335","Montes Claros",3129608,"IBIAI",537,507,0.94413407821229,17,14,0.823529411764706
"336","Montes Claros",3129657,"IBIRACATU",413,382,0.924939467312349,51,17,0.333333333333333
"337","Passos",3129707,"IBIRACI",203,179,0.881773399014778,97,29,0.298969072164948
"338","Metropolitana",3129806,"IBIRITE",2711,2632,0.970859461453338,1114,326,0.292639138240575
"339","Poços de Caldas",3129905,"IBITIURA DE MINAS",34,32,0.941176470588235,26,1,0.0384615384615385
"340","São João Del Rei",3130002,"IBITURUNA",97,94,0.969072164948454,28,3,0.107142857142857
"341","Montes Claros",3130051,"ICARAI DE MINAS",856,755,0.882009345794392,68,30,0.441176470588235
"342","Metropolitana",3130101,"IGARAPE",1011,899,0.889218595450049,350,90,0.257142857142857
"343","Divinópolis",3130200,"IGARATINGA",13,10,0.769230769230769,43,4,0.0930232558139535
"344","Divinópolis",3130309,"IGUATAMA",136,119,0.875,32,7,0.21875
"345","São João Del Rei",3130408,"IJACI",159,152,0.955974842767296,22,3,0.136363636363636
"346","Passos",3130507,"ILICINEA",121,113,0.933884297520661,93,8,0.0860215053763441
"347","Timóteo",3130556,"IMBE DE MINAS",286,263,0.91958041958042,19,0,0
"348","Poços de Caldas",3130606,"INCONFIDENTES",31,31,1,69,3,0.0434782608695652
"349","Salinas",3130655,"INDAIABIRA",479,468,0.977035490605428,37,14,0.378378378378378
"350","Uberlândia",3130705,"INDIANOPOLIS",30,27,0.9,7,1,0.142857142857143
"351","São João Del Rei",3130804,"INGAI",12,12,1,23,8,0.347826086956522
"352","Governador Valadares",3130903,"INHAPIM",1053,899,0.85375118708452,189,35,0.185185185185185
"353","Metropolitana",3131000,"INHAUMA",278,235,0.845323741007194,14,9,0.642857142857143
"354","Curvelo",3131109,"INIMUTABA",245,222,0.906122448979592,62,11,0.17741935483871
"355","Timóteo",3131158,"IPABA",456,414,0.907894736842105,135,37,0.274074074074074
"356","Governador Valadares",3131208,"IPANEMA",612,533,0.870915032679739,96,21,0.21875
"357","Timóteo",3131307,"IPATINGA",3409,3351,0.982986212965679,826,186,0.225181598062954
"358","Ituiutaba",3131406,"IPIACU",55,55,1,5,0,0
"359","Poços de Caldas",3131505,"IPUIUNA",84,62,0.738095238095238,89,2,0.0224719101123595
"360","Uberlândia",3131604,"IRAI DE MINAS",240,225,0.9375,17,3,0.176470588235294
"361","Timóteo",3131703,"ITABIRA",924,813,0.87987012987013,519,84,0.161849710982659
"362","Governador Valadares",3131802,"ITABIRINHA",310,222,0.716129032258065,83,5,0.0602409638554217
"363","Metropolitana",3131901,"ITABIRITO",268,222,0.828358208955224,168,25,0.148809523809524
"364","Montes Claros",3132008,"ITACAMBIRA",304,297,0.976973684210526,16,2,0.125
"365","Montes Claros",3132107,"ITACARAMBI",580,451,0.777586206896552,122,41,0.336065573770492
"366","Metropolitana",3132206,"ITAGUARA",155,147,0.948387096774194,69,6,0.0869565217391304
"367","Teófilo Otoni",3132305,"ITAIPE",828,681,0.822463768115942,46,4,0.0869565217391304
"368","Poços de Caldas",3132404,"ITAJUBA",588,507,0.862244897959184,328,51,0.155487804878049
"369","Diamantina",3132503,"ITAMARANDIBA",1228,1209,0.984527687296417,433,171,0.394919168591224
"370","Muriaé",3132602,"ITAMARATI DE MINAS",12,8,0.666666666666667,9,0,0
"371","Teófilo Otoni",3132701,"ITAMBACURI",1169,982,0.840034217279726,179,35,0.195530726256983
"372","Timóteo",3132800,"ITAMBE DO MATO DENTRO",75,75,1,26,2,0.0769230769230769
"373","Passos",3132909,"ITAMOGI",79,66,0.835443037974684,99,35,0.353535353535354
"374","Varginha",3133006,"ITAMONTE",62,45,0.725806451612903,105,2,0.019047619047619
"375","Varginha",3133105,"ITANHANDU",80,77,0.9625,61,5,0.0819672131147541
"376","Governador Valadares",3133204,"ITANHOMI",197,168,0.852791878172589,94,6,0.0638297872340425
"377","Araçuaí",3133303,"ITAOBIM",916,825,0.900655021834061,109,42,0.385321100917431
"378","Uberaba",3133402,"ITAPAGIPE",232,215,0.926724137931034,25,7,0.28
"379","Divinópolis",3133501,"ITAPECERICA",286,254,0.888111888111888,122,20,0.163934426229508
"380","Poços de Caldas",3133600,"ITAPEVA",40,27,0.675,20,2,0.1
"381","Metropolitana",3133709,"ITATIAIUCU",155,135,0.870967741935484,49,2,0.0408163265306122
"382","Passos",3133758,"ITAU DE MINAS",18,17,0.944444444444444,42,17,0.404761904761905
"383","Divinópolis",3133808,"ITAUNA",672,609,0.90625,352,70,0.198863636363636
"384","São João Del Rei",3133907,"ITAVERAVA",343,343,1,46,5,0.108695652173913
"385","Araçuaí",3134004,"ITINGA",1037,961,0.926711668273867,93,40,0.43010752688172
"386","Governador Valadares",3134103,"ITUETA",193,169,0.875647668393782,20,1,0.05
"387","Ituiutaba",3134202,"ITUIUTABA",317,295,0.930599369085173,648,92,0.141975308641975
"388","São João Del Rei",3134301,"ITUMIRIM",134,127,0.947761194029851,96,21,0.21875
"389","Ituiutaba",3134400,"ITURAMA",722,605,0.837950138504155,86,12,0.13953488372093
"390","São João Del Rei",3134509,"ITUTINGA",37,33,0.891891891891892,42,16,0.380952380952381
"391","Metropolitana",3134608,"JABOTICATUBAS",312,247,0.791666666666667,174,19,0.109195402298851
"392","Almenara",3134707,"JACINTO",560,527,0.941071428571429,66,14,0.212121212121212
"393","Passos",3134806,"JACUI",36,33,0.916666666666667,26,8,0.307692307692308
"394","Poços de Caldas",3134905,"JACUTINGA",28,16,0.571428571428571,70,2,0.0285714285714286
"395","Timóteo",3135001,"JAGUARACU",19,19,1,10,1,0.1
"396","Montes Claros",3135050,"JAIBA",3934,3521,0.895017793594306,245,104,0.424489795918367
"397","Governador Valadares",3135076,"JAMPRUCA",276,249,0.902173913043478,15,2,0.133333333333333
"398","Montes Claros",3135100,"JANAUBA",2521,2424,0.96152320507735,614,212,0.345276872964169
"399","Montes Claros",3135209,"JANUARIA",4882,4382,0.897582957804179,446,196,0.439461883408072
"400","Divinópolis",3135308,"JAPARAIBA",50,46,0.92,13,5,0.384615384615385
"401","Montes Claros",3135357,"JAPONVAR",381,351,0.921259842519685,55,17,0.309090909090909
"402","São João Del Rei",3135407,"JECEABA",33,19,0.575757575757576,19,0,0
"403","Araçuaí",3135456,"JENIPAPO DE MINAS",420,417,0.992857142857143,124,27,0.217741935483871
"404","Timóteo",3135506,"JEQUERI",408,357,0.875,215,30,0.13953488372093
"405","Montes Claros",3135605,"JEQUITAI",630,579,0.919047619047619,9,0,0
"406","Curvelo",3135704,"JEQUITIBA",126,121,0.96031746031746,64,11,0.171875
"407","Almenara",3135803,"JEQUITINHONHA",1264,1149,0.909018987341772,273,57,0.208791208791209
"408","Varginha",3135902,"JESUANIA",132,124,0.939393939393939,84,12,0.142857142857143
"409","Almenara",3136009,"JOAIMA",918,775,0.844226579520697,50,14,0.28
"410","Timóteo",3136108,"JOANESIA",178,176,0.98876404494382,33,4,0.121212121212121
"411","Timóteo",3136207,"JOAO MONLEVADE",863,809,0.937427578215527,234,59,0.252136752136752
"412","Paracatu",3136306,"JOAO PINHEIRO",1890,1668,0.882539682539683,408,106,0.259803921568627
"413","Curvelo",3136405,"JOAQUIM FELICIO",36,32,0.888888888888889,24,1,0.0416666666666667
"414","Almenara",3136504,"JORDANIA",586,501,0.854948805460751,60,30,0.5
"415","Araçuaí",3136520,"JOSE GONCALVES DE MINAS",231,174,0.753246753246753,75,6,0.08
"416","Governador Valadares",3136553,"JOSE RAYDAN",278,277,0.996402877697842,27,9,0.333333333333333
"417","Salinas",3136579,"JOSENOPOLIS",286,282,0.986013986013986,28,23,0.821428571428571
"418","Metropolitana",3136652,"JUATUBA",315,274,0.86984126984127,98,26,0.26530612244898
"419","Juiz de Fora",3136702,"JUIZ DE FORA",3660,3535,0.965846994535519,1489,382,0.256548018804567
"420","Montes Claros",3136801,"JURAMENTO",213,201,0.943661971830986,27,12,0.444444444444444
"421","Poços de Caldas",3136900,"JURUAIA",56,24,0.428571428571429,67,3,0.0447761194029851
"422","Montes Claros",3136959,"JUVENILIA",396,352,0.888888888888889,41,19,0.463414634146341
"423","Teófilo Otoni",3137007,"LADAINHA",981,768,0.782874617737003,168,49,0.291666666666667
"424","Patos de Minas",3137106,"LAGAMAR",320,315,0.984375,24,8,0.333333333333333
"425","Divinópolis",3137205,"LAGOA DA PRATA",728,676,0.928571428571429,366,85,0.23224043715847
"426","Montes Claros",3137304,"LAGOA DOS PATOS",224,224,1,26,12,0.461538461538462
"427","São João Del Rei",3137403,"LAGOA DOURADA",30,29,0.966666666666667,84,2,0.0238095238095238
"428","Patos de Minas",3137502,"LAGOA FORMOSA",179,170,0.949720670391061,119,17,0.142857142857143
"429","Patos de Minas",3137536,"LAGOA GRANDE",298,296,0.993288590604027,48,17,0.354166666666667
"430","Metropolitana",3137601,"LAGOA SANTA",282,273,0.968085106382979,166,24,0.144578313253012
"431","Governador Valadares",3137700,"LAJINHA",1034,839,0.811411992263056,89,16,0.179775280898876
"432","Varginha",3137809,"LAMBARI",420,395,0.94047619047619,127,20,0.15748031496063
"433","São João Del Rei",3137908,"LAMIM",177,165,0.932203389830508,33,5,0.151515151515152
"434","Muriaé",3138005,"LARANJAL",75,65,0.866666666666667,13,2,0.153846153846154
"435","Curvelo",3138104,"LASSANCE",394,352,0.893401015228426,31,8,0.258064516129032
"436","Varginha",3138203,"LAVRAS",765,738,0.964705882352941,402,74,0.18407960199005
"437","Divinópolis",3138302,"LEANDRO FERREIRA",50,36,0.72,34,3,0.0882352941176471
"438","Araçuaí",3138351,"LEME DO PRADO",185,183,0.989189189189189,50,10,0.2
"439","Muriaé",3138401,"LEOPOLDINA",371,339,0.913746630727763,350,47,0.134285714285714
"440","Juiz de Fora",3138500,"LIBERDADE",97,81,0.835051546391753,59,3,0.0508474576271186
"441","Juiz de Fora",3138609,"LIMA DUARTE",223,180,0.807174887892377,151,20,0.132450331125828
"442","Ituiutaba",3138625,"LIMEIRA DO OESTE",101,84,0.831683168316832,13,4,0.307692307692308
"443","Montes Claros",3138658,"LONTRA",501,483,0.964071856287425,30,11,0.366666666666667
"444","Muriaé",3138674,"LUISBURGO",254,205,0.807086614173228,40,3,0.075
"445","Montes Claros",3138682,"LUISLANDIA",601,597,0.993344425956739,50,21,0.42
"446","Varginha",3138708,"LUMINARIAS",68,63,0.926470588235294,36,4,0.111111111111111
"447","Divinópolis",3138807,"LUZ",181,161,0.889502762430939,63,3,0.0476190476190476
"448","Teófilo Otoni",3138906,"MACHACALIS",449,430,0.957683741648107,23,15,0.652173913043478
"449","Varginha",3139003,"MACHADO",316,291,0.920886075949367,453,67,0.147902869757174
"450","São João Del Rei",3139102,"MADRE DE DEUS DE MINAS",50,46,0.92,38,3,0.0789473684210526
"451","Teófilo Otoni",3139201,"MALACACHETA",922,813,0.88177874186551,331,102,0.308157099697885
"452","Montes Claros",3139250,"MAMONAS",301,289,0.960132890365448,44,14,0.318181818181818
"453","Montes Claros",3139300,"MANGA",1250,1132,0.9056,158,51,0.322784810126582
"454","Muriaé",3139409,"MANHUACU",1012,801,0.791501976284585,630,66,0.104761904761905
"455","Muriaé",3139508,"MANHUMIRIM",409,279,0.682151589242054,86,7,0.0813953488372093
"456","Governador Valadares",3139607,"MANTENA",219,189,0.863013698630137,183,18,0.0983606557377049
"457","Juiz de Fora",3139805,"MAR DE ESPANHA",167,143,0.856287425149701,87,15,0.172413793103448
"458","Divinópolis",3139706,"MARAVILHAS",169,150,0.887573964497041,1,0,0
"459","Varginha",3139904,"MARIA DA FE",121,110,0.909090909090909,108,17,0.157407407407407
"460","Metropolitana",3140001,"MARIANA",1177,1031,0.875955819881054,171,48,0.280701754385965
"461","Governador Valadares",3140100,"MARILAC",270,254,0.940740740740741,20,10,0.5
"462","Metropolitana",3140159,"MARIO CAMPOS",296,290,0.97972972972973,114,15,0.131578947368421
"463","Juiz de Fora",3140209,"MARIPA DE MINAS",3,3,1,14,0,0
"464","Timóteo",3140308,"MARLIERIA",126,114,0.904761904761905,22,6,0.272727272727273
"465","Poços de Caldas",3140407,"MARMELOPOLIS",89,84,0.943820224719101,38,12,0.315789473684211
"466","Divinópolis",3140506,"MARTINHO CAMPOS",230,224,0.973913043478261,77,20,0.25974025974026
"467","Muriaé",3140530,"MARTINS SOARES",276,221,0.800724637681159,97,23,0.237113402061856
"468","Almenara",3140555,"MATA VERDE",538,514,0.955390334572491,24,4,0.166666666666667
"469","Diamantina",3140605,"MATERLANDIA",231,228,0.987012987012987,19,12,0.631578947368421
"470","Metropolitana",3140704,"MATEUS LEME",553,483,0.873417721518987,254,82,0.322834645669291
"471","Governador Valadares",3171501,"MATHIAS LOBATO",249,225,0.903614457831325,23,11,0.478260869565217
"472","Juiz de Fora",3140803,"MATIAS BARBOSA",141,128,0.907801418439716,59,2,0.0338983050847458
"473","Montes Claros",3140852,"MATIAS CARDOSO",426,296,0.694835680751174,129,21,0.162790697674419
"474","Muriaé",3140902,"MATIPO",1217,959,0.788003286770748,183,72,0.39344262295082
"475","Montes Claros",3141009,"MATO VERDE",821,749,0.912302070645554,39,15,0.384615384615385
"476","Metropolitana",3141108,"MATOZINHOS",755,747,0.989403973509934,173,88,0.508670520231214
"477","Patos de Minas",3141207,"MATUTINA",18,15,0.833333333333333,36,2,0.0555555555555556
"478","Divinópolis",3141306,"MEDEIROS",16,13,0.8125,5,0,0
"479","Araçuaí",3141405,"MEDINA",909,795,0.874587458745875,268,106,0.395522388059701
"480","Governador Valadares",3141504,"MENDES PIMENTEL",227,200,0.881057268722467,29,5,0.172413793103448
"481","Juiz de Fora",3141603,"MERCES",234,204,0.871794871794872,92,18,0.195652173913043
"482","Timóteo",3141702,"MESQUITA",166,161,0.969879518072289,19,3,0.157894736842105
"483","Araçuaí",3141801,"MINAS NOVAS",1605,1573,0.98006230529595,242,67,0.276859504132231
"484","São João Del Rei",3141900,"MINDURI",78,71,0.91025641025641,21,0,0
"485","Montes Claros",3142007,"MIRABELA",717,669,0.933054393305439,61,23,0.377049180327869
"486","Muriaé",3142106,"MIRADOURO",158,78,0.493670886075949,29,3,0.103448275862069
"487","Muriaé",3142205,"MIRAI",147,132,0.897959183673469,106,10,0.0943396226415094
"488","Montes Claros",3142254,"MIRAVANIA",298,270,0.906040268456376,15,3,0.2
"489","Metropolitana",3142304,"MOEDA",157,157,1,18,1,0.0555555555555556
"490","Divinópolis",3142403,"MOEMA",143,121,0.846153846153846,103,16,0.155339805825243
"491","Curvelo",3142502,"MONJOLOS",56,53,0.946428571428571,28,7,0.25
"492","Varginha",3142601,"MONSENHOR PAULO",169,142,0.840236686390533,65,17,0.261538461538462
"493","Montes Claros",3142700,"MONTALVANIA",1237,1171,0.946645109135004,78,36,0.461538461538462
"494","Uberlândia",3142809,"MONTE ALEGRE DE MINAS",293,270,0.921501706484642,62,10,0.161290322580645
"495","Montes Claros",3142908,"MONTE AZUL",1142,1068,0.935201401050788,126,37,0.293650793650794
"496","Poços de Caldas",3143005,"MONTE BELO",146,124,0.849315068493151,107,9,0.0841121495327103
"497","Uberlândia",3143104,"MONTE CARMELO",149,136,0.912751677852349,441,60,0.136054421768707
"498","Almenara",3143153,"MONTE FORMOSO",344,337,0.979651162790698,56,11,0.196428571428571
"499","Passos",3143203,"MONTE SANTO DE MINAS",251,245,0.97609561752988,152,32,0.210526315789474
"500","Poços de Caldas",3143401,"MONTE SIAO",73,67,0.917808219178082,69,8,0.115942028985507
"501","Montes Claros",3143302,"MONTES CLAROS",3759,3483,0.92657621707901,4176,1266,0.30316091954023
"502","Salinas",3143450,"MONTEZUMA",336,294,0.875,76,18,0.236842105263158
"503","Divinópolis",3143500,"MORADA NOVA DE MINAS",10,9,0.9,10,0,0
"504","Curvelo",3143609,"MORRO DA GARCA",16,14,0.875,12,3,0.25
"505","Metropolitana",3143708,"MORRO DO PILAR",265,257,0.969811320754717,20,4,0.2
"506","Poços de Caldas",3143807,"MUNHOZ",33,19,0.575757575757576,76,10,0.131578947368421
"507","Muriaé",3143906,"MURIAE",661,611,0.924357034795764,568,74,0.130281690140845
"508","Governador Valadares",3144003,"MUTUM",699,447,0.639484978540773,368,48,0.130434782608696
"509","Poços de Caldas",3144102,"MUZAMBINHO",253,225,0.889328063241107,124,7,0.0564516129032258
"510","Governador Valadares",3144201,"NACIP RAYDAN",113,109,0.964601769911504,32,2,0.0625
"511","Teófilo Otoni",3144300,"NANUQUE",915,863,0.943169398907104,332,88,0.265060240963855
"512","Timóteo",3144359,"NAQUE",362,335,0.925414364640884,31,12,0.387096774193548
"513","Paracatu",3144375,"NATALANDIA",133,118,0.887218045112782,21,4,0.19047619047619
"514","Varginha",3144409,"NATERCIA",28,28,1,45,29,0.644444444444444
"515","São João Del Rei",3144508,"NAZARENO",298,281,0.942953020134228,62,18,0.290322580645161
"516","Varginha",3144607,"NEPOMUCENO",294,268,0.91156462585034,335,31,0.0925373134328358
"517","Salinas",3144656,"NINHEIRA",600,560,0.933333333333333,40,8,0.2
"518","Governador Valadares",3144672,"NOVA BELEM",167,138,0.826347305389222,6,1,0.166666666666667
"519","Timóteo",3144706,"NOVA ERA",273,254,0.93040293040293,133,36,0.270676691729323
"520","Metropolitana",3144805,"NOVA LIMA",544,478,0.878676470588235,270,45,0.166666666666667
"521","Governador Valadares",3144904,"NOVA MODICA",170,131,0.770588235294118,26,9,0.346153846153846
"522","Uberlândia",3145000,"NOVA PONTE",66,61,0.924242424242424,27,1,0.037037037037037
"523","Montes Claros",3145059,"NOVA PORTEIRINHA",371,348,0.93800539083558,31,17,0.548387096774194
"524","Passos",3145109,"NOVA RESENDE",193,159,0.823834196891192,83,16,0.192771084337349
"525","Divinópolis",3145208,"NOVA SERRANA",88,68,0.772727272727273,139,15,0.107913669064748
"526","Metropolitana",3136603,"NOVA UNIAO",194,179,0.922680412371134,71,14,0.197183098591549
"527","Teófilo Otoni",3145307,"NOVO CRUZEIRO",2459,2231,0.907279381862546,308,102,0.331168831168831
"528","Teófilo Otoni",3145356,"NOVO ORIENTE DE MINAS",667,605,0.907046476761619,62,11,0.17741935483871
"529","Salinas",3145372,"NOVORIZONTE",250,220,0.88,42,19,0.452380952380952
"530","Juiz de Fora",3145406,"OLARIA",15,8,0.533333333333333,2,0,0
"531","Montes Claros",3145455,"OLHOS D'AGUA",569,533,0.936731107205624,18,11,0.611111111111111
"532","Varginha",3145505,"OLIMPIO NORONHA",30,28,0.933333333333333,9,1,0.111111111111111
"533","Divinópolis",3145604,"OLIVEIRA",369,336,0.910569105691057,252,19,0.0753968253968254
"534","Juiz de Fora",3145703,"OLIVEIRA FORTES",19,14,0.736842105263158,7,2,0.285714285714286
"535","Divinópolis",3145802,"ONCA DO PITANGUI",61,52,0.852459016393443,41,4,0.0975609756097561
"536","Muriaé",3145851,"ORATORIOS",39,30,0.769230769230769,14,2,0.142857142857143
"537","Muriaé",3145877,"ORIZANIA",96,82,0.854166666666667,6,0,0
"538","São João Del Rei",3145901,"OURO BRANCO",196,168,0.857142857142857,73,15,0.205479452054795
"539","Poços de Caldas",3146008,"OURO FINO",81,74,0.91358024691358,158,32,0.20253164556962
"540","Metropolitana",3146107,"OURO PRETO",944,890,0.942796610169492,407,73,0.179361179361179
"541","Teófilo Otoni",3146206,"OURO VERDE DE MINAS",617,557,0.902755267423015,36,17,0.472222222222222
"542","Salinas",3146255,"PADRE CARVALHO",496,489,0.985887096774194,39,17,0.435897435897436
"543","Teófilo Otoni",3146305,"PADRE PARAISO",1089,986,0.905417814508724,50,24,0.48
"544","Montes Claros",3146552,"PAI PEDRO",198,196,0.98989898989899,48,18,0.375
"545","Divinópolis",3146404,"PAINEIRAS",69,68,0.985507246376812,29,1,0.0344827586206897
"546","Divinópolis",3146503,"PAINS",66,55,0.833333333333333,12,1,0.0833333333333333
"547","Juiz de Fora",3146602,"PAIVA",15,15,1,1,1,1
"548","Muriaé",3146701,"PALMA",253,228,0.901185770750988,8,3,0.375
"549","Almenara",3146750,"PALMOPOLIS",418,398,0.952153110047847,30,8,0.266666666666667
"550","Divinópolis",3146909,"PAPAGAIOS",246,219,0.890243902439024,268,30,0.111940298507463
"551","Metropolitana",3147105,"PARA DE MINAS",491,467,0.95112016293279,425,75,0.176470588235294
"552","Paracatu",3147006,"PARACATU",586,503,0.858361774744027,490,71,0.144897959183673
"553","Varginha",3147204,"PARAGUACU",172,155,0.901162790697674,168,9,0.0535714285714286
"554","Poços de Caldas",3147303,"PARAISOPOLIS",160,119,0.74375,119,11,0.092436974789916
"555","Curvelo",3147402,"PARAOPEBA",450,421,0.935555555555556,123,21,0.170731707317073
"556","Varginha",3147600,"PASSA QUATRO",132,117,0.886363636363636,116,12,0.103448275862069
"557","Divinópolis",3147709,"PASSA TEMPO",46,36,0.782608695652174,18,2,0.111111111111111
"558","Juiz de Fora",3147808,"PASSA VINTE",4,2,0.5,3,0,0
"559","Timóteo",3147501,"PASSABEM",72,69,0.958333333333333,18,6,0.333333333333333
"560","Passos",3147907,"PASSOS",1022,959,0.938356164383562,895,301,0.336312849162011
"561","Montes Claros",3147956,"PATIS",316,276,0.873417721518987,20,11,0.55
"562","Patos de Minas",3148004,"PATOS DE MINAS",471,426,0.904458598726115,451,65,0.144124168514412
"563","Patos de Minas",3148103,"PATROCINIO",950,885,0.931578947368421,902,228,0.252771618625277
"564","Muriaé",3148202,"PATROCINIO DO MURIAE",149,140,0.939597315436242,22,4,0.181818181818182
"565","Muriaé",3148301,"PAULA CANDIDO",292,291,0.996575342465753,140,25,0.178571428571429
"566","Governador Valadares",3148400,"PAULISTAS",234,183,0.782051282051282,46,9,0.195652173913043
"567","Teófilo Otoni",3148509,"PAVAO",691,630,0.911722141823444,17,12,0.705882352941177
"568","Governador Valadares",3148608,"PECANHA",847,749,0.884297520661157,131,50,0.381679389312977
"569","Almenara",3148707,"PEDRA AZUL",1253,1155,0.921787709497207,108,19,0.175925925925926
"570","Muriaé",3148756,"PEDRA BONITA",384,253,0.658854166666667,29,16,0.551724137931034
"571","Muriaé",3148806,"PEDRA DO ANTA",143,143,1,10,1,0.1
"572","Divinópolis",3148905,"PEDRA DO INDAIA",27,19,0.703703703703704,14,0,0
"573","Muriaé",3149002,"PEDRA DOURADA",30,27,0.9,12,1,0.0833333333333333
"574","Varginha",3149101,"PEDRALVA",204,161,0.78921568627451,113,6,0.0530973451327434
"575","Montes Claros",3149150,"PEDRAS DE MARIA DA CRUZ",667,637,0.955022488755622,69,13,0.188405797101449
"576","Uberaba",3149200,"PEDRINOPOLIS",108,83,0.768518518518518,5,2,0.4
"577","Metropolitana",3149309,"PEDRO LEOPOLDO",422,385,0.912322274881517,219,24,0.10958904109589
"578","Juiz de Fora",3149408,"PEDRO TEIXEIRA",25,14,0.56,3,0,0
"579","Juiz de Fora",3149507,"PEQUERI",10,8,0.8,5,0,0
"580","Divinópolis",3149606,"PEQUI",118,104,0.88135593220339,10,1,0.1
"581","Divinópolis",3149705,"PERDIGAO",66,58,0.878787878787879,52,4,0.0769230769230769
"582","Uberaba",3149804,"PERDIZES",168,136,0.80952380952381,95,16,0.168421052631579
"583","Varginha",3149903,"PERDOES",123,110,0.894308943089431,152,23,0.151315789473684
"584","Governador Valadares",3149952,"PERIQUITO",198,189,0.954545454545455,19,3,0.157894736842105
"585","Teófilo Otoni",3150000,"PESCADOR",200,181,0.905,32,5,0.15625
"586","Juiz de Fora",3150109,"PIAU",45,30,0.666666666666667,14,4,0.285714285714286
"587","Timóteo",3150158,"PIEDADE DE CARATINGA",438,371,0.84703196347032,76,18,0.236842105263158
"588","Timóteo",3150208,"PIEDADE DE PONTE NOVA",64,63,0.984375,41,23,0.560975609756098
"589","São João Del Rei",3150307,"PIEDADE DO RIO GRANDE",32,28,0.875,24,8,0.333333333333333
"590","São João Del Rei",3150406,"PIEDADE DOS GERAIS",171,171,1,37,6,0.162162162162162
"591","Divinópolis",3150505,"PIMENTA",176,148,0.840909090909091,41,0,0
"592","Timóteo",3150539,"PINGO D'AGUA",179,159,0.888268156424581,28,9,0.321428571428571
"593","Montes Claros",3150570,"PINTOPOLIS",610,563,0.922950819672131,86,23,0.267441860465116
"594","Divinópolis",3150604,"PIRACEMA",66,66,1,46,0,0
"595","Uberaba",3150703,"PIRAJUBA",21,19,0.904761904761905,36,18,0.5
"596","São João Del Rei",3150802,"PIRANGA",652,584,0.895705521472393,152,34,0.223684210526316
"597","Poços de Caldas",3150901,"PIRANGUCU",57,44,0.771929824561403,26,0,0
"598","Poços de Caldas",3151008,"PIRANGUINHO",122,94,0.770491803278688,75,8,0.106666666666667
"599","Muriaé",3151107,"PIRAPETINGA",89,68,0.764044943820225,16,1,0.0625
"600","Montes Claros",3151206,"PIRAPORA",1566,1536,0.980842911877395,291,80,0.274914089347079
"601","Juiz de Fora",3151305,"PIRAUBA",158,135,0.854430379746835,70,8,0.114285714285714
"602","Divinópolis",3151404,"PITANGUI",589,565,0.959252971137521,225,75,0.333333333333333
"603","Passos",3151503,"PIUMHI",531,462,0.870056497175141,248,68,0.274193548387097
"604","Uberaba",3151602,"PLANURA",128,127,0.9921875,63,9,0.142857142857143
"605","Varginha",3151701,"POCO FUNDO",116,99,0.853448275862069,129,40,0.310077519379845
"606","Poços de Caldas",3151800,"POCOS DE CALDAS",335,313,0.934328358208955,182,15,0.0824175824175824
"607","Governador Valadares",3151909,"POCRANE",562,549,0.976868327402135,73,33,0.452054794520548
"608","Divinópolis",3152006,"POMPEU",289,250,0.865051903114187,368,25,0.0679347826086956
"609","Muriaé",3152105,"PONTE NOVA",845,767,0.907692307692308,235,61,0.259574468085106
"610","Montes Claros",3152131,"PONTO CHIQUE",268,258,0.962686567164179,5,3,0.6
"611","Araçuaí",3152170,"PONTO DOS VOLANTES",326,255,0.782208588957055,45,13,0.288888888888889
"612","Montes Claros",3152204,"PORTEIRINHA",1396,1213,0.8689111747851,613,157,0.256117455138662
"613","Muriaé",3152303,"PORTO FIRME",918,729,0.794117647058823,19,9,0.473684210526316
"614","Teófilo Otoni",3152402,"POTE",613,528,0.861337683523654,267,44,0.164794007490637
"615","Poços de Caldas",3152501,"POUSO ALEGRE",806,765,0.949131513647643,291,45,0.154639175257732
"616","Varginha",3152600,"POUSO ALTO",17,17,1,26,0,0
"617","São João Del Rei",3152709,"PRADOS",47,43,0.914893617021277,28,4,0.142857142857143
"618","Uberlândia",3152808,"PRATA",74,64,0.864864864864865,145,9,0.0620689655172414
"619","Passos",3152907,"PRATAPOLIS",100,100,1,96,71,0.739583333333333
"620","Patos de Minas",3153004,"PRATINHA",81,81,1,35,8,0.228571428571429
"621","Muriaé",3153103,"PRESIDENTE BERNARDES",317,313,0.987381703470032,55,7,0.127272727272727
"622","Curvelo",3153202,"PRESIDENTE JUSCELINO",73,64,0.876712328767123,36,19,0.527777777777778
"623","Diamantina",3153301,"PRESIDENTE KUBITSCHEK",76,74,0.973684210526316,59,9,0.152542372881356
"624","Patos de Minas",3153400,"PRESIDENTE OLEGARIO",394,353,0.895939086294416,84,19,0.226190476190476
"625","Metropolitana",3153608,"PRUDENTE DE MORAIS",193,189,0.979274611398964,80,28,0.35
"626","Divinópolis",3153707,"QUARTEL GERAL",14,11,0.785714285714286,3,0,0
"627","São João Del Rei",3153806,"QUELUZITO",7,7,1,9,0,0
"628","Metropolitana",3153905,"RAPOSOS",118,116,0.983050847457627,78,21,0.269230769230769
"629","Timóteo",3154002,"RAUL SOARES",589,502,0.852292020373514,156,22,0.141025641025641
"630","Muriaé",3154101,"RECREIO",37,32,0.864864864864865,69,1,0.0144927536231884
"631","Muriaé",3154150,"REDUTO",219,165,0.753424657534247,119,4,0.0336134453781513
"632","São João Del Rei",3154200,"RESENDE COSTA",59,51,0.864406779661017,52,16,0.307692307692308
"633","Governador Valadares",3154309,"RESPLENDOR",165,140,0.848484848484849,117,19,0.162393162393162
"634","São João Del Rei",3154408,"RESSAQUINHA",38,32,0.842105263157895,11,4,0.363636363636364
"635","Paracatu",3154457,"RIACHINHO",381,279,0.732283464566929,41,4,0.0975609756097561
"636","Montes Claros",3154507,"RIACHO DOS MACHADOS",210,169,0.804761904761905,30,15,0.5
"637","Metropolitana",3154606,"RIBEIRAO DAS NEVES",7025,6850,0.97508896797153,2591,787,0.303743728290235
"638","Varginha",3154705,"RIBEIRAO VERMELHO",91,85,0.934065934065934,15,1,0.0666666666666667
"639","Metropolitana",3154804,"RIO ACIMA",46,36,0.782608695652174,32,5,0.15625
"640","Timóteo",3154903,"RIO CASCA",121,101,0.834710743801653,51,11,0.215686274509804
"641","Almenara",3155108,"RIO DO PRADO",332,328,0.987951807228916,21,15,0.714285714285714
"642","Timóteo",3155009,"RIO DOCE",32,30,0.9375,20,8,0.4
"643","São João Del Rei",3155207,"RIO ESPERA",308,264,0.857142857142857,34,21,0.617647058823529
"644","Metropolitana",3155306,"RIO MANSO",85,75,0.882352941176471,52,2,0.0384615384615385
"645","Juiz de Fora",3155405,"RIO NOVO",191,167,0.87434554973822,59,5,0.0847457627118644
"646","Patos de Minas",3155504,"RIO PARANAIBA",83,76,0.91566265060241,76,8,0.105263157894737
"647","Salinas",3155603,"RIO PARDO DE MINAS",1522,1418,0.931668856767411,94,40,0.425531914893617
"648","Timóteo",3155702,"RIO PIRACICABA",394,368,0.934010152284264,41,9,0.219512195121951
"649","Juiz de Fora",3155801,"RIO POMBA",265,232,0.875471698113208,84,20,0.238095238095238
"650","Juiz de Fora",3155900,"RIO PRETO",11,7,0.636363636363636,1,0,0
"651","Diamantina",3156007,"RIO VERMELHO",601,583,0.970049916805324,134,5,0.0373134328358209
"652","São João Del Rei",3156106,"RITAPOLIS",64,61,0.953125,47,6,0.127659574468085
"653","Juiz de Fora",3156205,"ROCHEDO DE MINAS",33,33,1,7,0,0
"654","Juiz de Fora",3156304,"RODEIRO",91,62,0.681318681318681,52,2,0.0384615384615385
"655","Uberlândia",3156403,"ROMARIA",53,43,0.811320754716981,15,0,0
"656","Muriaé",3156452,"ROSARIO DA LIMEIRA",24,18,0.75,18,1,0.0555555555555556
"657","Salinas",3156502,"RUBELITA",600,599,0.998333333333333,31,12,0.387096774193548
"658","Almenara",3156601,"RUBIM",209,177,0.84688995215311,14,4,0.285714285714286
"659","Metropolitana",3156700,"SABARA",1242,1116,0.898550724637681,608,139,0.228618421052632
"660","Governador Valadares",3156809,"SABINOPOLIS",653,630,0.964777947932619,224,71,0.316964285714286
"661","Uberaba",3156908,"SACRAMENTO",259,203,0.783783783783784,143,34,0.237762237762238
"662","Salinas",3157005,"SALINAS",1330,1198,0.900751879699248,500,192,0.384
"663","Almenara",3157104,"SALTO DA DIVISA",349,331,0.948424068767908,36,18,0.5
"664","Metropolitana",3157203,"SANTA BARBARA",488,433,0.887295081967213,48,10,0.208333333333333
"665","Timóteo",3157252,"SANTA BARBARA DO LESTE",360,259,0.719444444444444,39,8,0.205128205128205
"666","Juiz de Fora",3157278,"SANTA BARBARA DO MONTE VERDE",3,2,0.666666666666667,2,0,0
"667","São João Del Rei",3157302,"SANTA BARBARA DO TUGURIO",32,20,0.625,18,5,0.277777777777778
"668","São João Del Rei",3157336,"SANTA CRUZ DE MINAS",39,35,0.897435897435897,17,1,0.0588235294117647
"669","Salinas",3157377,"SANTA CRUZ DE SALINAS",292,266,0.910958904109589,22,8,0.363636363636364
"670","Timóteo",3157401,"SANTA CRUZ DO ESCALVADO",105,99,0.942857142857143,41,6,0.146341463414634
"671","Governador Valadares",3157500,"SANTA EFIGENIA DE MINAS",235,198,0.842553191489362,28,9,0.321428571428571
"672","Montes Claros",3157609,"SANTA FE DE MINAS",260,209,0.803846153846154,22,4,0.181818181818182
"673","Teófilo Otoni",3157658,"SANTA HELENA DE MINAS",603,593,0.983416252072968,41,3,0.0731707317073171
"674","Uberaba",3157708,"SANTA JULIANA",37,28,0.756756756756757,115,6,0.0521739130434783
"675","Metropolitana",3157807,"SANTA LUZIA",5153,4853,0.941781486512711,624,177,0.283653846153846
"676","Muriaé",3157906,"SANTA MARGARIDA",996,716,0.718875502008032,220,62,0.281818181818182
"677","Timóteo",3158003,"SANTA MARIA DE ITABIRA",124,105,0.846774193548387,88,1,0.0113636363636364
"678","Almenara",3158102,"SANTA MARIA DO SALTO",289,285,0.986159169550173,34,14,0.411764705882353
"679","Governador Valadares",3158201,"SANTA MARIA DO SUACUI",933,827,0.886387995712755,143,73,0.510489510489511
"680","Poços de Caldas",3159209,"SANTA RITA DE CALDAS",92,72,0.782608695652174,67,0,0
"681","São João Del Rei",3159407,"SANTA RITA DE IBITIPOCA",81,81,1,14,8,0.571428571428571
"682","Juiz de Fora",3159308,"SANTA RITA DE JACUTINGA",23,17,0.739130434782609,11,0,0
"683","Timóteo",3159357,"SANTA RITA DE MINAS",88,70,0.795454545454545,51,8,0.156862745098039
"684","Governador Valadares",3159506,"SANTA RITA DO ITUETO",237,212,0.894514767932489,27,5,0.185185185185185
"685","Poços de Caldas",3159605,"SANTA RITA DO SAPUCAI",25,17,0.68,351,70,0.199430199430199
"686","Patos de Minas",3159704,"SANTA ROSA DA SERRA",126,126,1,20,6,0.3
"687","Ituiutaba",3159803,"SANTA VITORIA",194,146,0.752577319587629,123,11,0.0894308943089431
"688","Varginha",3158300,"SANTANA DA VARGEM",144,138,0.958333333333333,40,8,0.2
"689","Muriaé",3158409,"SANTANA DE CATAGUASES",34,32,0.941176470588235,6,0,0
"690","Curvelo",3158508,"SANTANA DE PIRAPAMA",148,146,0.986486486486487,80,8,0.1
"691","Juiz de Fora",3158607,"SANTANA DO DESERTO",4,4,1,3,0,0
"692","São João Del Rei",3158706,"SANTANA DO GARAMBEU",53,52,0.981132075471698,10,2,0.2
"693","Divinópolis",3158805,"SANTANA DO JACARE",57,54,0.947368421052632,46,3,0.0652173913043478
"694","Governador Valadares",3158904,"SANTANA DO MANHUACU",189,121,0.64021164021164,69,5,0.072463768115942
"695","Timóteo",3158953,"SANTANA DO PARAISO",641,623,0.97191887675507,133,32,0.240601503759398
"696","Metropolitana",3159001,"SANTANA DO RIACHO",162,123,0.759259259259259,26,6,0.230769230769231
"697","São João Del Rei",3159100,"SANTANA DOS MONTES",64,50,0.78125,16,2,0.125
"698","Divinópolis",3159902,"SANTO ANTONIO DO AMPARO",734,687,0.935967302452316,138,27,0.195652173913043
"699","Juiz de Fora",3160009,"SANTO ANTONIO DO AVENTUREIRO",57,52,0.912280701754386,19,0,0
"700","Timóteo",3160108,"SANTO ANTONIO DO GRAMA",130,127,0.976923076923077,17,9,0.529411764705882
"701","Diamantina",3160207,"SANTO ANTONIO DO ITAMBE",188,117,0.622340425531915,43,1,0.0232558139534884
"702","Almenara",3160306,"SANTO ANTONIO DO JACINTO",521,508,0.975047984644914,97,21,0.216494845360825
"703","Divinópolis",3160405,"SANTO ANTONIO DO MONTE",107,104,0.97196261682243,125,13,0.104
"704","Montes Claros",3160454,"SANTO ANTONIO DO RETIRO",447,435,0.973154362416107,10,2,0.2
"705","Timóteo",3160504,"SANTO ANTONIO DO RIO ABAIXO",86,86,1,33,19,0.575757575757576
"706","Curvelo",3160603,"SANTO HIPOLITO",153,150,0.980392156862745,12,6,0.5
"707","Juiz de Fora",3160702,"SANTOS DUMONT",865,781,0.902890173410405,319,92,0.288401253918495
"708","Varginha",3160801,"SAO BENTO ABADE",45,45,1,47,1,0.0212765957446809
"709","São João Del Rei",3160900,"SAO BRAS DO SUACUI",8,8,1,6,3,0.5
"710","Timóteo",3160959,"SAO DOMINGOS DAS DORES",100,87,0.87,75,9,0.12
"711","Timóteo",3161007,"SAO DOMINGOS DO PRATA",301,270,0.897009966777409,182,17,0.0934065934065934
"712","Governador Valadares",3161056,"SAO FELIX DE MINAS",157,137,0.872611464968153,14,0,0
"713","Montes Claros",3161106,"SAO FRANCISCO",3959,3529,0.89138671381662,476,227,0.476890756302521
"714","Divinópolis",3161205,"SAO FRANCISCO DE PAULA",70,46,0.657142857142857,48,0,0
"715","Ituiutaba",3161304,"SAO FRANCISCO DE SALES",32,23,0.71875,8,0,0
"716","Muriaé",3161403,"SAO FRANCISCO DO GLORIA",147,132,0.897959183673469,40,2,0.05
"717","Muriaé",3161502,"SAO GERALDO",177,116,0.655367231638418,71,4,0.0563380281690141
"718","Governador Valadares",3161601,"SAO GERALDO DA PIEDADE",168,159,0.946428571428571,11,1,0.0909090909090909
"719","Governador Valadares",3161650,"SAO GERALDO DO BAIXIO",115,96,0.834782608695652,40,5,0.125
"720","Patos de Minas",3161700,"SAO GONCALO DO ABAETE",162,151,0.932098765432099,19,3,0.157894736842105
"721","Divinópolis",3161809,"SAO GONCALO DO PARA",53,43,0.811320754716981,64,8,0.125
"722","Timóteo",3161908,"SAO GONCALO DO RIO ABAIXO",101,89,0.881188118811881,50,6,0.12
"723","Diamantina",3125507,"SAO GONCALO DO RIO PRETO",98,92,0.938775510204082,8,2,0.25
"724","Varginha",3162005,"SAO GONCALO DO SAPUCAI",224,207,0.924107142857143,290,35,0.120689655172414
"725","Patos de Minas",3162104,"SAO GOTARDO",57,51,0.894736842105263,468,30,0.0641025641025641
"726","Passos",3162203,"SAO JOAO BATISTA DO GLORIA",25,22,0.88,38,0,0
"727","Montes Claros",3162252,"SAO JOAO DA LAGOA",223,199,0.89237668161435,34,15,0.441176470588235
"728","Varginha",3162302,"SAO JOAO DA MATA",66,52,0.787878787878788,8,3,0.375
"729","Montes Claros",3162401,"SAO JOAO DA PONTE",1036,946,0.913127413127413,127,51,0.401574803149606
"730","Montes Claros",3162450,"SAO JOAO DAS MISSOES",1366,1328,0.972181551976574,243,77,0.316872427983539
"731","São João Del Rei",3162500,"SAO JOAO DEL REI",904,813,0.899336283185841,582,90,0.154639175257732
"732","Muriaé",3162559,"SAO JOAO DO MANHUACU",413,320,0.774818401937046,37,7,0.189189189189189
"733","Governador Valadares",3162575,"SAO JOAO DO MANTENINHA",114,78,0.684210526315789,23,1,0.0434782608695652
"734","Timóteo",3162609,"SAO JOAO DO ORIENTE",366,343,0.937158469945355,43,10,0.232558139534884
"735","Montes Claros",3162658,"SAO JOAO DO PACUI",286,282,0.986013986013986,25,11,0.44
"736","Salinas",3162708,"SAO JOAO DO PARAISO",813,802,0.986469864698647,311,122,0.392282958199357
"737","Governador Valadares",3162807,"SAO JOAO EVANGELISTA",621,576,0.927536231884058,142,26,0.183098591549296
"738","Juiz de Fora",3162906,"SAO JOAO NEPOMUCENO",359,331,0.922005571030641,110,21,0.190909090909091
"739","Metropolitana",3162922,"SAO JOAQUIM DE BICAS",739,631,0.853856562922869,194,54,0.278350515463918
"740","Passos",3162948,"SAO JOSE DA BARRA",60,48,0.8,45,11,0.244444444444444
"741","Metropolitana",3162955,"SAO JOSE DA LAPA",366,350,0.956284153005464,51,7,0.137254901960784
"742","Governador Valadares",3163003,"SAO JOSE DA SAFIRA",281,272,0.96797153024911,20,7,0.35
"743","Metropolitana",3163102,"SAO JOSE DA VARGINHA",18,18,1,62,5,0.0806451612903226
"744","Poços de Caldas",3163201,"SAO JOSE DO ALEGRE",66,59,0.893939393939394,15,0,0
"745","Governador Valadares",3163300,"SAO JOSE DO DIVINO",252,249,0.988095238095238,21,4,0.19047619047619
"746","Timóteo",3163409,"SAO JOSE DO GOIABAL",181,167,0.922651933701657,52,13,0.25
"747","Governador Valadares",3163508,"SAO JOSE DO JACURI",440,426,0.968181818181818,65,33,0.507692307692308
"748","Governador Valadares",3163607,"SAO JOSE DO MANTIMENTO",104,103,0.990384615384615,18,0,0
"749","Varginha",3163706,"SAO LOURENCO",308,297,0.964285714285714,240,39,0.1625
"750","Muriaé",3163805,"SAO MIGUEL DO ANTA",326,309,0.947852760736196,11,6,0.545454545454545
"751","Passos",3163904,"SAO PEDRO DA UNIAO",34,34,1,95,42,0.442105263157895
"752","Governador Valadares",3164100,"SAO PEDRO DO SUACUI",347,274,0.789625360230548,24,6,0.25
"753","Timóteo",3164001,"SAO PEDRO DOS FERROS",108,105,0.972222222222222,54,21,0.388888888888889
"754","Montes Claros",3164209,"SAO ROMAO",601,571,0.950083194675541,31,23,0.741935483870968
"755","Passos",3164308,"SAO ROQUE DE MINAS",52,45,0.865384615384615,42,10,0.238095238095238
"756","Varginha",3164407,"SAO SEBASTIAO DA BELA VISTA",37,33,0.891891891891892,69,38,0.550724637681159
"757","Muriaé",3164431,"SAO SEBASTIAO DA VARGEM ALEGRE",10,5,0.5,16,0,0
"758","Timóteo",3164472,"SAO SEBASTIAO DO ANTA",248,195,0.786290322580645,11,4,0.363636363636364
"759","Governador Valadares",3164506,"SAO SEBASTIAO DO MARANHAO",662,567,0.856495468277946,184,39,0.21195652173913
"760","Divinópolis",3164605,"SAO SEBASTIAO DO OESTE",35,27,0.771428571428571,25,3,0.12
"761","Passos",3164704,"SAO SEBASTIAO DO PARAISO",699,674,0.964234620886981,435,237,0.544827586206897
"762","Timóteo",3164803,"SAO SEBASTIAO DO RIO PRETO",37,36,0.972972972972973,14,10,0.714285714285714
"763","Varginha",3164902,"SAO SEBASTIAO DO RIO VERDE",4,4,1,4,0,0
"764","Varginha",3165206,"SAO THOME DAS LETRAS",138,128,0.927536231884058,48,22,0.458333333333333
"765","São João Del Rei",3165008,"SAO TIAGO",86,84,0.976744186046512,121,54,0.446280991735537
"766","Passos",3165107,"SAO TOMAS DE AQUINO",138,133,0.963768115942029,67,32,0.477611940298507
"767","São João Del Rei",3165305,"SAO VICENTE DE MINAS",118,106,0.898305084745763,58,0,0
"768","Poços de Caldas",3165404,"SAPUCAI MIRIM",83,75,0.903614457831325,30,6,0.2
"769","Governador Valadares",3165503,"SARDOA",249,207,0.831325301204819,18,4,0.222222222222222
"770","Metropolitana",3165537,"SARZEDO",306,287,0.937908496732026,205,39,0.190243902439024
"771","Timóteo",3165560,"SEM-PEIXE",77,74,0.961038961038961,12,0,0
"772","Poços de Caldas",3165578,"SENADOR AMARAL",107,68,0.635514018691589,125,15,0.12
"773","Juiz de Fora",3165602,"SENADOR CORTES",5,3,0.6,11,1,0.0909090909090909
"774","Juiz de Fora",3165701,"SENADOR FIRMINO",178,147,0.825842696629214,106,6,0.0566037735849057
"775","Poços de Caldas",3165800,"SENADOR JOSE BENTO",11,6,0.545454545454545,4,0,0
"776","Diamantina",3165909,"SENADOR MODESTINO GONCALVES",96,96,1,26,2,0.0769230769230769
"777","São João Del Rei",3166006,"SENHORA DE OLIVEIRA",208,208,1,68,36,0.529411764705882
"778","Governador Valadares",3166105,"SENHORA DO PORTO",155,150,0.967741935483871,36,13,0.361111111111111
"779","São João Del Rei",3166204,"SENHORA DOS REMEDIOS",745,656,0.880536912751678,42,6,0.142857142857143
"780","Muriaé",3166303,"SERICITA",267,248,0.928838951310861,98,3,0.0306122448979592
"781","Juiz de Fora",3166402,"SERITINGA",1,1,1,2,0,0
"782","Diamantina",3166501,"SERRA AZUL DE MINAS",393,375,0.954198473282443,65,25,0.384615384615385
"783","Patos de Minas",3166808,"SERRA DO SALITRE",484,446,0.921487603305785,35,2,0.0571428571428571
"784","Teófilo Otoni",3166709,"SERRA DOS AIMORES",203,202,0.995073891625616,154,35,0.227272727272727
"785","Poços de Caldas",3166907,"SERRANIA",175,167,0.954285714285714,76,13,0.171052631578947
"786","Montes Claros",3166956,"SERRANOPOLIS DE MINAS",225,200,0.888888888888889,21,13,0.619047619047619
"787","Juiz de Fora",3167004,"SERRANOS",31,27,0.870967741935484,1,0,0
"788","Diamantina",3167103,"SERRO",805,700,0.869565217391304,394,98,0.248730964467005
"789","Metropolitana",3167202,"SETE LAGOAS",2121,2065,0.973597359735974,982,239,0.243380855397149
"790","Teófilo Otoni",3165552,"SETUBINHA",1664,1638,0.984375,109,22,0.201834862385321
"791","Juiz de Fora",3167301,"SILVEIRANIA",43,43,1,18,7,0.388888888888889
"792","Varginha",3167400,"SILVIANOPOLIS",164,118,0.719512195121951,25,4,0.16
"793","Juiz de Fora",3167509,"SIMAO PEREIRA",13,7,0.538461538461538,7,0,0
"794","Timóteo",3167608,"SIMONESIA",264,164,0.621212121212121,546,32,0.0586080586080586
"795","Governador Valadares",3167707,"SOBRALIA",259,254,0.980694980694981,10,1,0.1
"796","Varginha",3167806,"SOLEDADE DE MINAS",16,15,0.9375,62,19,0.306451612903226
"797","Juiz de Fora",3167905,"TABULEIRO",39,34,0.871794871794872,41,10,0.24390243902439
"798","Salinas",3168002,"TAIOBEIRAS",1160,1049,0.904310344827586,252,101,0.400793650793651
"799","Governador Valadares",3168051,"TAPARUBA",150,110,0.733333333333333,13,1,0.0769230769230769
"800","Uberaba",3168101,"TAPIRA",11,9,0.818181818181818,6,0,0
"801","Divinópolis",3168200,"TAPIRAI",3,3,1,3,0,0
"802","Metropolitana",3168309,"TAQUARACU DE MINAS",61,52,0.852459016393443,9,1,0.111111111111111
"803","Governador Valadares",3168408,"TARUMIRIM",622,601,0.966237942122186,144,33,0.229166666666667
"804","Muriaé",3168507,"TEIXEIRAS",226,211,0.933628318584071,83,12,0.144578313253012
"805","Teófilo Otoni",3168606,"TEOFILO OTONI",3433,3060,0.891348674628605,1422,399,0.280590717299578
"806","Timóteo",3168705,"TIMOTEO",721,686,0.951456310679612,348,103,0.295977011494253
"807","São João Del Rei",3168804,"TIRADENTES",118,105,0.889830508474576,41,2,0.0487804878048781
"808","Patos de Minas",3168903,"TIROS",95,73,0.768421052631579,42,2,0.0476190476190476
"809","Juiz de Fora",3169000,"TOCANTINS",218,157,0.720183486238532,164,21,0.128048780487805
"810","Poços de Caldas",3169059,"TOCOS DO MOJI",26,18,0.692307692307692,18,2,0.111111111111111
"811","Poços de Caldas",3169109,"TOLEDO",14,4,0.285714285714286,46,0,0
"812","Muriaé",3169208,"TOMBOS",175,159,0.908571428571429,89,7,0.0786516853932584
"813","Varginha",3169307,"TRES CORACOES",504,486,0.964285714285714,520,126,0.242307692307692
"814","Curvelo",3169356,"TRES MARIAS",236,225,0.953389830508475,120,22,0.183333333333333
"815","Varginha",3169406,"TRES PONTAS",798,759,0.951127819548872,368,68,0.184782608695652
"816","Governador Valadares",3169505,"TUMIRITINGA",400,385,0.9625,20,9,0.45
"817","Uberlândia",3169604,"TUPACIGUARA",846,805,0.951536643026005,172,35,0.203488372093023
"818","Araçuaí",3169703,"TURMALINA",680,664,0.976470588235294,294,84,0.285714285714286
"819","Varginha",3169802,"TURVOLANDIA",29,27,0.931034482758621,94,9,0.0957446808510638
"820","Juiz de Fora",3169901,"UBA",438,390,0.89041095890411,994,130,0.130784708249497
"821","Montes Claros",3170008,"UBAI",1091,967,0.886342804766269,93,35,0.376344086021505
"822","Timóteo",3170057,"UBAPORANGA",561,485,0.864527629233512,145,35,0.241379310344828
"823","Uberaba",3170107,"UBERABA",1271,1214,0.955153422501967,811,223,0.274969173859433
"824","Uberlândia",3170206,"UBERLANDIA",2396,2231,0.931135225375626,1725,443,0.256811594202899
"825","Teófilo Otoni",3170305,"UMBURATIBA",142,140,0.985915492957746,6,4,0.666666666666667
"826","Paracatu",3170404,"UNAI",909,779,0.856985698569857,655,129,0.196946564885496
"827","Ituiutaba",3170438,"UNIAO DE MINAS",132,125,0.946969696969697,22,6,0.272727272727273
"828","Paracatu",3170479,"URUANA DE MINAS",42,26,0.619047619047619,10,0,0
"829","Timóteo",3170503,"URUCANIA",134,115,0.858208955223881,56,10,0.178571428571429
"830","Montes Claros",3170529,"URUCUIA",210,202,0.961904761904762,60,14,0.233333333333333
"831","Timóteo",3170578,"VARGEM ALEGRE",202,198,0.98019801980198,21,4,0.19047619047619
"832","Passos",3170602,"VARGEM BONITA",46,39,0.847826086956522,15,3,0.2
"833","Salinas",3170651,"VARGEM GRANDE DO RIO PARDO",223,212,0.95067264573991,27,5,0.185185185185185
"834","Varginha",3170701,"VARGINHA",527,507,0.962049335863378,437,83,0.189931350114416
"835","Patos de Minas",3170750,"VARJAO DE MINAS",69,63,0.91304347826087,49,7,0.142857142857143
"836","Montes Claros",3170800,"VARZEA DA PALMA",494,470,0.951417004048583,544,93,0.170955882352941
"837","Montes Claros",3170909,"VARZELANDIA",1707,1571,0.9203280609256,165,52,0.315151515151515
"838","Paracatu",3171006,"VAZANTE",279,247,0.885304659498208,200,33,0.165
"839","Montes Claros",3171030,"VERDELANDIA",623,510,0.818619582664527,81,18,0.222222222222222
"840","Diamantina",3171071,"VEREDINHA",213,195,0.915492957746479,39,12,0.307692307692308
"841","Uberaba",3171105,"VERISSIMO",37,36,0.972972972972973,16,8,0.5
"842","Timóteo",3171154,"VERMELHO NOVO",241,184,0.763485477178423,14,0,0
"843","Metropolitana",3171204,"VESPASIANO",1241,1190,0.958904109589041,292,71,0.243150684931507
"844","Muriaé",3171303,"VICOSA",566,483,0.853356890459364,405,57,0.140740740740741
"845","Muriaé",3171402,"VIEIRAS",18,6,0.333333333333333,4,1,0.25
"846","Araçuaí",3171600,"VIRGEM DA LAPA",607,497,0.818780889621087,99,37,0.373737373737374
"847","Varginha",3171709,"VIRGINIA",151,120,0.794701986754967,76,17,0.223684210526316
"848","Governador Valadares",3171808,"VIRGINOPOLIS",127,87,0.68503937007874,108,9,0.0833333333333333
"849","Governador Valadares",3171907,"VIRGOLANDIA",233,230,0.987124463519313,49,15,0.306122448979592
"850","Muriaé",3172004,"VISCONDE DO RIO BRANCO",262,205,0.782442748091603,450,53,0.117777777777778
"851","Muriaé",3172103,"VOLTA GRANDE",81,78,0.962962962962963,5,0,0
"852","Poços de Caldas",3172202,"WENCESLAU BRAZ",43,34,0.790697674418605,32,0,0
